0 verbose cli /usr/local/bin/node /usr/local/bin/npm
1 info using npm@10.8.2
2 info using node@v20.20.2
3 silly config load:file:/usr/local/lib/node_modules/npm/npmrc
4 silly config load:file:/workspace/api/.npmrc
5 silly config load:file:/workspace/.npmrc
6 silly config load:file:/usr/local/etc/npmrc
7 verbose title npm ci
8 verbose argv "ci"
9 verbose logfile logs-max:10 dir:/workspace/.npm/_logs/2026-09-06T23_57_38_874Z-
10 verbose logfile /workspace/.npm/_logs/2026-09-06T23_57_38_874Z-debug-0.log
11 silly packumentCache heap:1098907648 maxSize:274726912 maxEntrySize:137363456
12 silly logfile done cleaning log files
13 silly idealTree buildDeps
14 silly reify moves {}
15 silly audit bulk request {
15 silly audit   '@apidevtools/json-schema-ref-parser': [ '9.1.2' ],
15 silly audit   '@apidevtools/openapi-schemas': [ '2.1.0' ],
15 silly audit   '@apidevtools/swagger-methods': [ '3.0.2' ],
15 silly audit   '@apidevtools/swagger-parser': [ '10.0.3' ],
15 silly audit   '@babel/code-frame': [ '7.29.7' ],
15 silly audit   '@babel/compat-data': [ '7.29.7' ],
15 silly audit   '@babel/core': [ '7.29.7' ],
15 silly audit   debug: [ '4.4.3', '2.6.9' ],
15 silly audit   ms: [ '2.1.3', '2.0.0' ],
15 silly audit   semver: [ '6.3.1', '7.7.3', '7.8.5' ],
15 silly audit   '@babel/generator': [ '7.29.7' ],
15 silly audit   '@jridgewell/trace-mapping': [ '0.3.31', '0.3.9' ],
15 silly audit   '@babel/helper-compilation-targets': [ '7.29.7' ],
15 silly audit   '@babel/helper-globals': [ '7.29.7' ],
15 silly audit   '@babel/helper-module-imports': [ '7.29.7' ],
15 silly audit   '@babel/helper-module-transforms': [ '7.29.7' ],
15 silly audit   '@babel/helper-plugin-utils': [ '7.29.7' ],
15 silly audit   '@babel/helper-string-parser': [ '7.29.7' ],
15 silly audit   '@babel/helper-validator-identifier': [ '7.29.7' ],
15 silly audit   '@babel/helper-validator-option': [ '7.29.7' ],
15 silly audit   '@babel/helpers': [ '7.29.7' ],
15 silly audit   '@babel/parser': [ '7.29.7' ],
15 silly audit   '@babel/plugin-syntax-async-generators': [ '7.8.4' ],
15 silly audit   '@babel/plugin-syntax-bigint': [ '7.8.3' ],
15 silly audit   '@babel/plugin-syntax-class-properties': [ '7.12.13' ],
15 silly audit   '@babel/plugin-syntax-class-static-block': [ '7.14.5' ],
15 silly audit   '@babel/plugin-syntax-import-attributes': [ '7.29.7' ],
15 silly audit   '@babel/plugin-syntax-import-meta': [ '7.10.4' ],
15 silly audit   '@babel/plugin-syntax-json-strings': [ '7.8.3' ],
15 silly audit   '@babel/plugin-syntax-jsx': [ '7.29.7' ],
15 silly audit   '@babel/plugin-syntax-logical-assignment-operators': [ '7.10.4' ],
15 silly audit   '@babel/plugin-syntax-nullish-coalescing-operator': [ '7.8.3' ],
15 silly audit   '@babel/plugin-syntax-numeric-separator': [ '7.10.4' ],
15 silly audit   '@babel/plugin-syntax-object-rest-spread': [ '7.8.3' ],
15 silly audit   '@babel/plugin-syntax-optional-catch-binding': [ '7.8.3' ],
15 silly audit   '@babel/plugin-syntax-optional-chaining': [ '7.8.3' ],
15 silly audit   '@babel/plugin-syntax-private-property-in-object': [ '7.14.5' ],
15 silly audit   '@babel/plugin-syntax-top-level-await': [ '7.14.5' ],
15 silly audit   '@babel/plugin-syntax-typescript': [ '7.29.7' ],
15 silly audit   '@babel/template': [ '7.29.7' ],
15 silly audit   '@babel/traverse': [ '7.29.7' ],
15 silly audit   '@babel/types': [ '7.29.7' ],
15 silly audit   '@bcoe/v8-coverage': [ '0.2.3' ],
15 silly audit   '@cspotcode/source-map-support': [ '0.8.1' ],
15 silly audit   '@istanbuljs/load-nyc-config': [ '1.1.0' ],
15 silly audit   argparse: [ '1.0.10', '2.0.1' ],
15 silly audit   'js-yaml': [ '3.15.0', '4.1.1' ],
15 silly audit   '@istanbuljs/schema': [ '0.1.6' ],
15 silly audit   '@jest/console': [ '29.7.0' ],
15 silly audit   '@jest/core': [ '29.7.0' ],
15 silly audit   '@jest/environment': [ '29.7.0' ],
15 silly audit   '@jest/expect': [ '29.7.0' ],
15 silly audit   '@jest/expect-utils': [ '29.7.0' ],
15 silly audit   '@jest/fake-timers': [ '29.7.0' ],
15 silly audit   '@jest/globals': [ '29.7.0' ],
15 silly audit   '@jest/reporters': [ '29.7.0' ],
15 silly audit   '@jest/schemas': [ '29.6.3' ],
15 silly audit   '@jest/source-map': [ '29.6.3' ],
15 silly audit   '@jest/test-result': [ '29.7.0' ],
15 silly audit   '@jest/test-sequencer': [ '29.7.0' ],
15 silly audit   '@jest/transform': [ '29.7.0' ],
15 silly audit   '@jest/types': [ '29.6.3' ],
15 silly audit   '@jridgewell/gen-mapping': [ '0.3.13' ],
15 silly audit   '@jridgewell/remapping': [ '2.3.5' ],
15 silly audit   '@jridgewell/resolve-uri': [ '3.1.2' ],
15 silly audit   '@jridgewell/sourcemap-codec': [ '1.5.5' ],
15 silly audit   '@jsdevtools/ono': [ '7.1.3' ],
15 silly audit   '@mongodb-js/saslprep': [ '1.3.2' ],
15 silly audit   '@noble/hashes': [ '1.8.0' ],
15 silly audit   '@paralleldrive/cuid2': [ '2.3.1' ],
15 silly audit   '@scarf/scarf': [ '1.4.0' ],
15 silly audit   '@sinclair/typebox': [ '0.27.10' ],
15 silly audit   '@sinonjs/commons': [ '3.0.1' ],
15 silly audit   '@sinonjs/fake-timers': [ '10.3.0' ],
15 silly audit   '@tsconfig/node10': [ '1.0.12' ],
15 silly audit   '@tsconfig/node12': [ '1.0.11' ],
15 silly audit   '@tsconfig/node14': [ '1.0.3' ],
15 silly audit   '@tsconfig/node16': [ '1.0.4' ],
15 silly audit   '@types/babel__core': [ '7.20.5' ],
15 silly audit   '@types/babel__generator': [ '7.27.0' ],
15 silly audit   '@types/babel__template': [ '7.4.4' ],
15 silly audit   '@types/babel__traverse': [ '7.28.0' ],
15 silly audit   '@types/bcryptjs': [ '2.4.6' ],
15 silly audit   '@types/body-parser': [ '1.19.6' ],
15 silly audit   '@types/connect': [ '3.4.38' ],
15 silly audit   '@types/cookiejar': [ '2.1.5' ],
15 silly audit   '@types/cors': [ '2.8.19' ],
15 silly audit   '@types/express': [ '4.17.25' ],
15 silly audit   '@types/express-serve-static-core': [ '4.19.7' ],
15 silly audit   '@types/graceful-fs': [ '4.1.9' ],
15 silly audit   '@types/http-errors': [ '2.0.5' ],
15 silly audit   '@types/istanbul-lib-coverage': [ '2.0.6' ],
15 silly audit   '@types/istanbul-lib-report': [ '3.0.3' ],
15 silly audit   '@types/istanbul-reports': [ '3.0.4' ],
15 silly audit   '@types/jest': [ '29.5.14' ],
15 silly audit   '@types/json-schema': [ '7.0.15' ],
15 silly audit   '@types/jsonwebtoken': [ '9.0.10' ],
15 silly audit   '@types/methods': [ '1.1.4' ],
15 silly audit   '@types/mime': [ '1.3.5' ],
15 silly audit   '@types/ms': [ '2.1.0' ],
15 silly audit   '@types/node': [ '24.10.1' ],
15 silly audit   '@types/qs': [ '6.14.0' ],
15 silly audit   '@types/range-parser': [ '1.2.7' ],
15 silly audit   '@types/send': [ '1.2.1', '0.17.6' ],
15 silly audit   '@types/serve-static': [ '1.15.10' ],
15 silly audit   '@types/stack-utils': [ '2.0.3' ],
15 silly audit   '@types/superagent': [ '8.1.11' ],
15 silly audit   '@types/supertest': [ '7.2.1' ],
15 silly audit   '@types/swagger-jsdoc': [ '6.0.4' ],
15 silly audit   '@types/swagger-ui-express': [ '4.1.8' ],
15 silly audit   '@types/webidl-conversions': [ '7.0.3' ],
15 silly audit   '@types/whatwg-url': [ '11.0.5' ],
15 silly audit   '@types/yargs': [ '17.0.35' ],
15 silly audit   '@types/yargs-parser': [ '21.0.3' ],
15 silly audit   accepts: [ '1.3.8' ],
15 silly audit   acorn: [ '8.15.0' ],
15 silly audit   'acorn-walk': [ '8.3.4' ],
15 silly audit   'agent-base': [ '7.1.4' ],
15 silly audit   'ansi-escapes': [ '4.3.2' ],
15 silly audit   'ansi-regex': [ '5.0.1' ],
15 silly audit   'ansi-styles': [ '4.3.0', '5.2.0' ],
15 silly audit   anymatch: [ '3.1.3' ],
15 silly audit   arg: [ '4.1.3' ],
15 silly audit   'array-flatten': [ '1.1.1' ],
15 silly audit   asap: [ '2.0.6' ],
15 silly audit   'async-mutex': [ '0.5.0' ],
15 silly audit   asynckit: [ '0.4.0' ],
15 silly audit   b4a: [ '1.8.1' ],
15 silly audit   'babel-jest': [ '29.7.0' ],
15 silly audit   'babel-plugin-istanbul': [ '6.1.1' ],
15 silly audit   'istanbul-lib-instrument': [ '5.2.1', '6.0.3' ],
15 silly audit   'babel-plugin-jest-hoist': [ '29.6.3' ],
15 silly audit   'babel-preset-current-node-syntax': [ '1.2.0' ],
15 silly audit   'babel-preset-jest': [ '29.6.3' ],
15 silly audit   'balanced-match': [ '1.0.2' ],
15 silly audit   'bare-events': [ '2.9.1' ],
15 silly audit   'bare-fs': [ '4.7.4' ],
15 silly audit   'bare-path': [ '3.1.1' ],
15 silly audit   'bare-stream': [ '2.13.3' ],
15 silly audit   'bare-url': [ '2.4.5' ],
15 silly audit   'baseline-browser-mapping': [ '2.10.43' ],
15 silly audit   bcryptjs: [ '3.0.3' ],
15 silly audit   'binary-extensions': [ '2.3.0' ],
15 silly audit   'body-parser': [ '1.20.4' ],
15 silly audit   'brace-expansion': [ '1.1.12' ],
15 silly audit   braces: [ '3.0.3' ],
15 silly audit   browserslist: [ '4.28.6' ],
15 silly audit   'bs-logger': [ '0.2.6' ],
15 silly audit   bser: [ '2.1.1' ],
15 silly audit   bson: [ '6.10.4' ],
15 silly audit   'buffer-equal-constant-time': [ '1.0.1' ],
15 silly audit   'buffer-from': [ '1.1.2' ],
15 silly audit   bytes: [ '3.1.2' ],
15 silly audit   'call-bind-apply-helpers': [ '1.0.2' ],
15 silly audit   'call-bound': [ '1.0.4' ],
15 silly audit   'call-me-maybe': [ '1.0.2' ],
15 silly audit   callsites: [ '3.1.0' ],
15 silly audit   camelcase: [ '5.3.1', '6.3.0' ],
15 silly audit   'caniuse-lite': [ '1.0.30001805' ],
15 silly audit   chalk: [ '4.1.2' ],
15 silly audit   'has-flag': [ '4.0.0', '3.0.0' ],
15 silly audit   'supports-color': [ '7.2.0', '8.1.1', '5.5.0' ],
15 silly audit   'char-regex': [ '1.0.2' ],
15 silly audit   chokidar: [ '3.6.0' ],
15 silly audit   'ci-info': [ '3.9.0' ],
15 silly audit   'cjs-module-lexer': [ '1.4.3' ],
15 silly audit   cliui: [ '8.0.1' ],
15 silly audit   co: [ '4.6.0' ],
15 silly audit   'collect-v8-coverage': [ '1.0.3' ],
15 silly audit   'color-convert': [ '2.0.1' ],
15 silly audit   'color-name': [ '1.1.4' ],
15 silly audit   'combined-stream': [ '1.0.8' ],
15 silly audit   commander: [ '6.2.0', '9.5.0' ],
15 silly audit   commondir: [ '1.0.1' ],
15 silly audit   'component-emitter': [ '1.3.1' ],
15 silly audit   'concat-map': [ '0.0.1' ],
15 silly audit   'content-disposition': [ '0.5.4' ],
15 silly audit   'content-type': [ '1.0.5' ],
15 silly audit   'convert-source-map': [ '2.0.0' ],
15 silly audit   cookie: [ '0.7.2' ],
15 silly audit   'cookie-signature': [ '1.0.7', '1.2.2' ],
15 silly audit   cookiejar: [ '2.1.4' ],
15 silly audit   cors: [ '2.8.5' ],
15 silly audit   'create-jest': [ '29.7.0' ],
15 silly audit   'create-require': [ '1.1.1' ],
15 silly audit   'cross-spawn': [ '7.0.6' ],
15 silly audit   dedent: [ '1.7.2' ],
15 silly audit   deepmerge: [ '4.3.1' ],
15 silly audit   'delayed-stream': [ '1.0.0' ],
15 silly audit   depd: [ '2.0.0' ],
15 silly audit   destroy: [ '1.2.0' ],
15 silly audit   'detect-newline': [ '3.1.0' ],
15 silly audit   dezalgo: [ '1.0.4' ],
15 silly audit   diff: [ '4.0.2' ],
15 silly audit   'diff-sequences': [ '29.6.3' ],
15 silly audit   doctrine: [ '3.0.0' ],
15 silly audit   dotenv: [ '16.6.1' ],
15 silly audit   'dunder-proto': [ '1.0.1' ],
15 silly audit   'ecdsa-sig-formatter': [ '1.0.11' ],
15 silly audit   'ee-first': [ '1.1.1' ],
15 silly audit   'electron-to-chromium': [ '1.5.392' ],
15 silly audit   emittery: [ '0.13.1' ],
15 silly audit   'emoji-regex': [ '8.0.0' ],
15 silly audit   encodeurl: [ '2.0.0', '1.0.2' ],
15 silly audit   'error-ex': [ '1.3.4' ],
15 silly audit   'es-define-property': [ '1.0.1' ],
15 silly audit   'es-errors': [ '1.3.0' ],
15 silly audit   'es-object-atoms': [ '1.1.1' ],
15 silly audit   'es-set-tostringtag': [ '2.1.0' ],
15 silly audit   escalade: [ '3.2.0' ],
15 silly audit   'escape-html': [ '1.0.3' ],
15 silly audit   'escape-string-regexp': [ '2.0.0' ],
15 silly audit   esprima: [ '4.0.1' ],
15 silly audit   esutils: [ '2.0.3' ],
15 silly audit   etag: [ '1.8.1' ],
15 silly audit   'events-universal': [ '1.0.1' ],
15 silly audit   execa: [ '5.1.1' ],
15 silly audit   exit: [ '0.1.2' ],
15 silly audit   expect: [ '29.7.0' ],
15 silly audit   express: [ '4.22.1' ],
15 silly audit   'express-validator': [ '7.3.2' ],
15 silly audit   'fast-fifo': [ '1.3.2' ],
15 silly audit   'fast-json-stable-stringify': [ '2.1.0' ],
15 silly audit   'fast-safe-stringify': [ '2.1.1' ],
15 silly audit   'fb-watchman': [ '2.0.2' ],
15 silly audit   'fill-range': [ '7.1.1' ],
15 silly audit   finalhandler: [ '1.3.2' ],
15 silly audit   'find-cache-dir': [ '3.3.2' ],
15 silly audit   'make-dir': [ '3.1.0', '4.0.0' ],
15 silly audit   'find-up': [ '4.1.0' ],
15 silly audit   'follow-redirects': [ '1.16.0' ],
15 silly audit   'form-data': [ '4.0.6' ],
15 silly audit   formidable: [ '3.5.4' ],
15 silly audit   forwarded: [ '0.2.0' ],
15 silly audit   fresh: [ '0.5.2' ],
15 silly audit   'fs.realpath': [ '1.0.0' ],
15 silly audit   fsevents: [ '2.3.3' ],
15 silly audit   'function-bind': [ '1.1.2' ],
15 silly audit   gensync: [ '1.0.0-beta.2' ],
15 silly audit   'get-caller-file': [ '2.0.5' ],
15 silly audit   'get-intrinsic': [ '1.3.0' ],
15 silly audit   'get-package-type': [ '0.1.0' ],
15 silly audit   'get-proto': [ '1.0.1' ],
15 silly audit   'get-stream': [ '6.0.1' ],
15 silly audit   glob: [ '7.1.6' ],
15 silly audit   'glob-parent': [ '5.1.2' ],
15 silly audit   gopd: [ '1.2.0' ],
15 silly audit   'graceful-fs': [ '4.2.11' ],
15 silly audit   handlebars: [ '4.7.9' ],
15 silly audit   'has-symbols': [ '1.1.0' ],
15 silly audit   'has-tostringtag': [ '1.0.2' ],
15 silly audit   hasown: [ '2.0.4' ],
15 silly audit   'html-escaper': [ '2.0.2' ],
15 silly audit   'http-errors': [ '2.0.1', '2.0.0' ],
15 silly audit   'https-proxy-agent': [ '7.0.6' ],
15 silly audit   'human-signals': [ '2.1.0' ],
15 silly audit   'iconv-lite': [ '0.4.24' ],
15 silly audit   'ignore-by-default': [ '1.0.1' ],
15 silly audit   'import-local': [ '3.2.0' ],
15 silly audit   imurmurhash: [ '0.1.4' ],
15 silly audit   inflight: [ '1.0.6' ],
15 silly audit   inherits: [ '2.0.4' ],
15 silly audit   'ipaddr.js': [ '1.9.1' ],
15 silly audit   'is-arrayish': [ '0.2.1' ],
15 silly audit   'is-binary-path': [ '2.1.0' ],
15 silly audit   'is-core-module': [ '2.16.2' ],
15 silly audit   'is-extglob': [ '2.1.1' ],
15 silly audit   'is-fullwidth-code-point': [ '3.0.0' ],
15 silly audit   'is-generator-fn': [ '2.1.0' ],
15 silly audit   'is-glob': [ '4.0.3' ],
15 silly audit   'is-number': [ '7.0.0' ],
15 silly audit   'is-stream': [ '2.0.1' ],
15 silly audit   isexe: [ '2.0.0' ],
15 silly audit   'istanbul-lib-coverage': [ '3.2.2' ],
15 silly audit   'istanbul-lib-report': [ '3.0.1' ],
15 silly audit   'istanbul-lib-source-maps': [ '4.0.1' ],
15 silly audit   'istanbul-reports': [ '3.2.0' ],
15 silly audit   jest: [ '29.7.0' ],
15 silly audit   'jest-changed-files': [ '29.7.0' ],
15 silly audit   'jest-circus': [ '29.7.0' ],
15 silly audit   'jest-cli': [ '29.7.0' ],
15 silly audit   'jest-config': [ '29.7.0' ],
15 silly audit   'jest-diff': [ '29.7.0' ],
15 silly audit   'jest-docblock': [ '29.7.0' ],
15 silly audit   'jest-each': [ '29.7.0' ],
15 silly audit   'jest-environment-node': [ '29.7.0' ],
15 silly audit   'jest-get-type': [ '29.6.3' ],
15 silly audit   'jest-haste-map': [ '29.7.0' ],
15 silly audit   'jest-leak-detector': [ '29.7.0' ],
15 silly audit   'jest-matcher-utils': [ '29.7.0' ],
15 silly audit   'jest-message-util': [ '29.7.0' ],
15 silly audit   'jest-mock': [ '29.7.0' ],
15 silly audit   'jest-pnp-resolver': [ '1.2.3' ],
15 silly audit   'jest-regex-util': [ '29.6.3' ],
15 silly audit   'jest-resolve': [ '29.7.0' ],
15 silly audit   'jest-resolve-dependencies': [ '29.7.0' ],
15 silly audit   'jest-runner': [ '29.7.0' ],
15 silly audit   'jest-runtime': [ '29.7.0' ],
15 silly audit   'jest-snapshot': [ '29.7.0' ],
15 silly audit   'jest-util': [ '29.7.0' ],
15 silly audit   'jest-validate': [ '29.7.0' ],
15 silly audit   'jest-watcher': [ '29.7.0' ],
15 silly audit   'jest-worker': [ '29.7.0' ],
15 silly audit   'js-tokens': [ '4.0.0' ],
15 silly audit   jsesc: [ '3.1.0' ],
15 silly audit   'json-parse-even-better-errors': [ '2.3.1' ],
15 silly audit   json5: [ '2.2.3' ],
15 silly audit   jsonwebtoken: [ '9.0.3' ],
15 silly audit   jwa: [ '2.0.1' ],
15 silly audit   jws: [ '4.0.1' ],
15 silly audit   kareem: [ '2.6.3' ],
15 silly audit   kleur: [ '3.0.3' ],
15 silly audit   leven: [ '3.1.0' ],
15 silly audit   'lines-and-columns': [ '1.2.4' ],
15 silly audit   'locate-path': [ '5.0.0' ],
15 silly audit   lodash: [ '4.18.1' ],
15 silly audit   'lodash.get': [ '4.4.2' ],
15 silly audit   'lodash.includes': [ '4.3.0' ],
15 silly audit   'lodash.isboolean': [ '3.0.3' ],
15 silly audit   'lodash.isequal': [ '4.5.0' ],
15 silly audit   'lodash.isinteger': [ '4.0.4' ],
15 silly audit   'lodash.isnumber': [ '3.0.3' ],
15 silly audit   'lodash.isplainobject': [ '4.0.6' ],
15 silly audit   'lodash.isstring': [ '4.0.1' ],
15 silly audit   'lodash.memoize': [ '4.1.2' ],
15 silly audit   'lodash.mergewith': [ '4.6.2' ],
15 silly audit   'lodash.once': [ '4.1.1' ],
15 silly audit   'lru-cache': [ '5.1.1' ],
15 silly audit   'make-error': [ '1.3.6' ],
15 silly audit   makeerror: [ '1.0.12' ],
15 silly audit   'math-intrinsics': [ '1.1.0' ],
15 silly audit   'media-typer': [ '0.3.0' ],
15 silly audit   'memory-pager': [ '1.5.0' ],
15 silly audit   'merge-descriptors': [ '1.0.3' ],
15 silly audit   'merge-stream': [ '2.0.0' ],
15 silly audit   methods: [ '1.1.2' ],
15 silly audit   micromatch: [ '4.0.8' ],
15 silly audit   mime: [ '1.6.0', '2.6.0' ],
15 silly audit   'mime-db': [ '1.52.0' ],
15 silly audit   'mime-types': [ '2.1.35' ],
15 silly audit   'mimic-fn': [ '2.1.0' ],
15 silly audit   minimatch: [ '3.1.2' ],
15 silly audit   minimist: [ '1.2.8' ],
15 silly audit   mongodb: [ '6.20.0' ],
15 silly audit   'mongodb-connection-string-url': [ '3.0.2' ],
15 silly audit   'mongodb-memory-server': [ '10.4.3' ],
15 silly audit   'mongodb-memory-server-core': [ '10.4.3' ],
15 silly audit   mongoose: [ '8.20.2' ],
15 silly audit   mpath: [ '0.9.0' ],
15 silly audit   mquery: [ '5.0.0' ],
15 silly audit   'natural-compare': [ '1.4.0' ],
15 silly audit   negotiator: [ '0.6.3' ],
15 silly audit   'neo-async': [ '2.6.2' ],
15 silly audit   'new-find-package-json': [ '2.0.0' ],
15 silly audit   'node-int64': [ '0.4.0' ],
15 silly audit   'node-releases': [ '2.0.51' ],
15 silly audit   nodemon: [ '3.1.11' ],
15 silly audit   'normalize-path': [ '3.0.0' ],
15 silly audit   'npm-run-path': [ '4.0.1' ],
15 silly audit   'object-assign': [ '4.1.1' ],
15 silly audit   'object-inspect': [ '1.13.4' ],
15 silly audit   'on-finished': [ '2.4.1' ],
15 silly audit   once: [ '1.4.0' ],
15 silly audit   onetime: [ '5.1.2' ],
15 silly audit   'openapi-types': [ '12.1.3' ],
15 silly audit   'p-limit': [ '3.1.0', '2.3.0' ],
15 silly audit   'p-locate': [ '4.1.0' ],
15 silly audit   'p-try': [ '2.2.0' ],
15 silly audit   'parse-json': [ '5.2.0' ],
15 silly audit   parseurl: [ '1.3.3' ],
15 silly audit   'path-exists': [ '4.0.0' ],
15 silly audit   'path-is-absolute': [ '1.0.1' ],
15 silly audit   'path-key': [ '3.1.1' ],
15 silly audit   'path-parse': [ '1.0.7' ],
15 silly audit   'path-to-regexp': [ '0.1.12' ],
15 silly audit   pend: [ '1.2.0' ],
15 silly audit   picocolors: [ '1.1.1' ],
15 silly audit   picomatch: [ '2.3.1' ],
15 silly audit   pirates: [ '4.0.7' ],
15 silly audit   'pkg-dir': [ '4.2.0' ],
15 silly audit   'pretty-format': [ '29.7.0' ],
15 silly audit   prompts: [ '2.4.2' ],
15 silly audit   'proxy-addr': [ '2.0.7' ],
15 silly audit   'pstree.remy': [ '1.1.8' ],
15 silly audit   punycode: [ '2.3.1' ],
15 silly audit   'pure-rand': [ '6.1.0' ],
15 silly audit   qs: [ '6.14.0', '6.15.3' ],
15 silly audit   'range-parser': [ '1.2.1' ],
15 silly audit   'raw-body': [ '2.5.3' ],
15 silly audit   'react-is': [ '18.3.1' ],
15 silly audit   readdirp: [ '3.6.0' ],
15 silly audit   'require-directory': [ '2.1.1' ],
15 silly audit   resolve: [ '1.22.12' ],
15 silly audit   'resolve-cwd': [ '3.0.0' ],
15 silly audit   'resolve-from': [ '5.0.0' ],
15 silly audit   'resolve.exports': [ '2.0.3' ],
15 silly audit   'safe-buffer': [ '5.2.1' ],
15 silly audit   'safer-buffer': [ '2.1.2' ],
15 silly audit   send: [ '0.19.1', '0.19.0' ],
15 silly audit   statuses: [ '2.0.1', '2.0.2' ],
15 silly audit   'serve-static': [ '1.16.2' ],
15 silly audit   setprototypeof: [ '1.2.0' ],
15 silly audit   'shebang-command': [ '2.0.0' ],
15 silly audit   'shebang-regex': [ '3.0.0' ],
15 silly audit   'side-channel': [ '1.1.1' ],
15 silly audit   'side-channel-list': [ '1.0.1' ],
15 silly audit   'side-channel-map': [ '1.0.1' ],
15 silly audit   'side-channel-weakmap': [ '1.0.2' ],
15 silly audit   sift: [ '17.1.3' ],
15 silly audit   'signal-exit': [ '3.0.7' ],
15 silly audit   'simple-update-notifier': [ '2.0.0' ],
15 silly audit   sisteransi: [ '1.0.5' ],
15 silly audit   slash: [ '3.0.0' ],
15 silly audit   'source-map': [ '0.6.1' ],
15 silly audit   'source-map-support': [ '0.5.13' ],
15 silly audit   'sparse-bitfield': [ '3.0.3' ],
15 silly audit   'sprintf-js': [ '1.0.3' ],
15 silly audit   'stack-utils': [ '2.0.6' ],
15 silly audit   streamx: [ '2.28.0' ],
15 silly audit   'string-length': [ '4.0.2' ],
15 silly audit   'string-width': [ '4.2.3' ],
15 silly audit   'strip-ansi': [ '6.0.1' ],
15 silly audit   'strip-bom': [ '4.0.0' ],
15 silly audit   'strip-final-newline': [ '2.0.0' ],
15 silly audit   'strip-json-comments': [ '3.1.1' ],
15 silly audit   superagent: [ '10.3.0' ],
15 silly audit   supertest: [ '7.2.2' ],
15 silly audit   'supports-preserve-symlinks-flag': [ '1.0.0' ],
15 silly audit   'swagger-jsdoc': [ '6.2.8' ],
15 silly audit   'swagger-parser': [ '10.0.3' ],
15 silly audit   'swagger-ui-dist': [ '5.30.3' ],
15 silly audit   'swagger-ui-express': [ '5.0.1' ],
15 silly audit   'tar-stream': [ '3.2.0' ],
15 silly audit   teex: [ '1.0.1' ],
15 silly audit   'test-exclude': [ '6.0.0' ],
15 silly audit   'text-decoder': [ '1.2.7' ],
15 silly audit   tmpl: [ '1.0.5' ],
15 silly audit   'to-regex-range': [ '5.0.1' ],
15 silly audit   toidentifier: [ '1.0.1' ],
15 silly audit   touch: [ '3.1.1' ],
15 silly audit   tr46: [ '5.1.1' ],
15 silly audit   'ts-jest': [ '29.4.11' ],
15 silly audit   'type-fest': [ '4.41.0', '0.21.3' ],
15 silly audit   'ts-node': [ '10.9.2' ],
15 silly audit   tslib: [ '2.8.1' ],
15 silly audit   'type-detect': [ '4.0.8' ],
15 silly audit   'type-is': [ '1.6.18' ],
15 silly audit   typescript: [ '5.9.3' ],
15 silly audit   'uglify-js': [ '3.19.3' ],
15 silly audit   undefsafe: [ '2.0.5' ],
15 silly audit   'undici-types': [ '7.16.0' ],
15 silly audit   unpipe: [ '1.0.0' ],
15 silly audit   'update-browserslist-db': [ '1.2.3' ],
15 silly audit   'utils-merge': [ '1.0.1' ],
15 silly audit   'v8-compile-cache-lib': [ '3.0.1' ],
15 silly audit   'v8-to-istanbul': [ '9.3.0' ],
15 silly audit   validator: [ '13.15.23' ],
15 silly audit   vary: [ '1.1.2' ],
15 silly audit   walker: [ '1.0.8' ],
15 silly audit   'webidl-conversions': [ '7.0.0' ],
15 silly audit   'whatwg-url': [ '14.2.0' ],
15 silly audit   which: [ '2.0.2' ],
15 silly audit   wordwrap: [ '1.0.0' ],
15 silly audit   'wrap-ansi': [ '7.0.0' ],
15 silly audit   wrappy: [ '1.0.2' ],
15 silly audit   'write-file-atomic': [ '4.0.2' ],
15 silly audit   y18n: [ '5.0.8' ],
15 silly audit   yallist: [ '3.1.1' ],
15 silly audit   yaml: [ '2.0.0-1' ],
15 silly audit   yargs: [ '17.7.3' ],
15 silly audit   'yargs-parser': [ '21.1.1' ],
15 silly audit   yauzl: [ '3.4.0' ],
15 silly audit   yn: [ '3.1.1' ],
15 silly audit   'yocto-queue': [ '0.1.0' ],
15 silly audit   'z-schema': [ '5.0.5' ]
15 silly audit }
16 verbose reify failed optional dependency /workspace/api/node_modules/fsevents
17 silly reify mark deleted [ '/workspace/api/node_modules/fsevents' ]
18 silly tarball no local data for yocto-queue@https://registry.npmjs.org/yocto-queue/-/yocto-queue-0.1.0.tgz. Extracting by manifest.
19 silly tarball no local data for z-schema@https://registry.npmjs.org/z-schema/-/z-schema-5.0.5.tgz. Extracting by manifest.
20 silly tarball no local data for yn@https://registry.npmjs.org/yn/-/yn-3.1.1.tgz. Extracting by manifest.
21 silly tarball no local data for yauzl@https://registry.npmjs.org/yauzl/-/yauzl-3.4.0.tgz. Extracting by manifest.
22 silly tarball no local data for yargs-parser@https://registry.npmjs.org/yargs-parser/-/yargs-parser-21.1.1.tgz. Extracting by manifest.
23 silly tarball no local data for yargs@https://registry.npmjs.org/yargs/-/yargs-17.7.3.tgz. Extracting by manifest.
24 silly tarball no local data for y18n@https://registry.npmjs.org/y18n/-/y18n-5.0.8.tgz. Extracting by manifest.
25 silly tarball no local data for write-file-atomic@https://registry.npmjs.org/write-file-atomic/-/write-file-atomic-4.0.2.tgz. Extracting by manifest.
26 silly tarball no local data for yallist@https://registry.npmjs.org/yallist/-/yallist-3.1.1.tgz. Extracting by manifest.
27 silly tarball no local data for wrappy@https://registry.npmjs.org/wrappy/-/wrappy-1.0.2.tgz. Extracting by manifest.
28 silly tarball no local data for wrap-ansi@https://registry.npmjs.org/wrap-ansi/-/wrap-ansi-7.0.0.tgz. Extracting by manifest.
29 silly tarball no local data for wordwrap@https://registry.npmjs.org/wordwrap/-/wordwrap-1.0.0.tgz. Extracting by manifest.
30 silly tarball no local data for yaml@https://registry.npmjs.org/yaml/-/yaml-2.0.0-1.tgz. Extracting by manifest.
31 silly tarball no local data for which@https://registry.npmjs.org/which/-/which-2.0.2.tgz. Extracting by manifest.
32 silly tarball no local data for webidl-conversions@https://registry.npmjs.org/webidl-conversions/-/webidl-conversions-7.0.0.tgz. Extracting by manifest.
33 silly tarball no local data for walker@https://registry.npmjs.org/walker/-/walker-1.0.8.tgz. Extracting by manifest.
34 silly tarball no local data for whatwg-url@https://registry.npmjs.org/whatwg-url/-/whatwg-url-14.2.0.tgz. Extracting by manifest.
35 silly tarball no local data for vary@https://registry.npmjs.org/vary/-/vary-1.1.2.tgz. Extracting by manifest.
36 silly tarball no local data for validator@https://registry.npmjs.org/validator/-/validator-13.15.23.tgz. Extracting by manifest.
37 silly tarball no local data for v8-to-istanbul@https://registry.npmjs.org/v8-to-istanbul/-/v8-to-istanbul-9.3.0.tgz. Extracting by manifest.
38 silly tarball no local data for utils-merge@https://registry.npmjs.org/utils-merge/-/utils-merge-1.0.1.tgz. Extracting by manifest.
39 silly tarball no local data for v8-compile-cache-lib@https://registry.npmjs.org/v8-compile-cache-lib/-/v8-compile-cache-lib-3.0.1.tgz. Extracting by manifest.
40 silly tarball no local data for unpipe@https://registry.npmjs.org/unpipe/-/unpipe-1.0.0.tgz. Extracting by manifest.
41 silly tarball no local data for update-browserslist-db@https://registry.npmjs.org/update-browserslist-db/-/update-browserslist-db-1.2.3.tgz. Extracting by manifest.
42 silly tarball no local data for undici-types@https://registry.npmjs.org/undici-types/-/undici-types-7.16.0.tgz. Extracting by manifest.
43 silly tarball no local data for typescript@https://registry.npmjs.org/typescript/-/typescript-5.9.3.tgz. Extracting by manifest.
44 silly tarball no local data for uglify-js@https://registry.npmjs.org/uglify-js/-/uglify-js-3.19.3.tgz. Extracting by manifest.
45 silly tarball no local data for type-is@https://registry.npmjs.org/type-is/-/type-is-1.6.18.tgz. Extracting by manifest.
46 silly tarball no local data for type-fest@https://registry.npmjs.org/type-fest/-/type-fest-0.21.3.tgz. Extracting by manifest.
47 silly tarball no local data for type-detect@https://registry.npmjs.org/type-detect/-/type-detect-4.0.8.tgz. Extracting by manifest.
48 silly tarball no local data for ts-node@https://registry.npmjs.org/ts-node/-/ts-node-10.9.2.tgz. Extracting by manifest.
49 silly tarball no local data for tslib@https://registry.npmjs.org/tslib/-/tslib-2.8.1.tgz. Extracting by manifest.
50 silly tarball no local data for ts-jest@https://registry.npmjs.org/ts-jest/-/ts-jest-29.4.11.tgz. Extracting by manifest.
51 silly tarball no local data for tr46@https://registry.npmjs.org/tr46/-/tr46-5.1.1.tgz. Extracting by manifest.
52 silly tarball no local data for touch@https://registry.npmjs.org/touch/-/touch-3.1.1.tgz. Extracting by manifest.
53 silly tarball no local data for toidentifier@https://registry.npmjs.org/toidentifier/-/toidentifier-1.0.1.tgz. Extracting by manifest.
54 silly tarball no local data for to-regex-range@https://registry.npmjs.org/to-regex-range/-/to-regex-range-5.0.1.tgz. Extracting by manifest.
55 silly tarball no local data for tmpl@https://registry.npmjs.org/tmpl/-/tmpl-1.0.5.tgz. Extracting by manifest.
56 silly tarball no local data for text-decoder@https://registry.npmjs.org/text-decoder/-/text-decoder-1.2.7.tgz. Extracting by manifest.
57 silly tarball no local data for teex@https://registry.npmjs.org/teex/-/teex-1.0.1.tgz. Extracting by manifest.
58 silly tarball no local data for tar-stream@https://registry.npmjs.org/tar-stream/-/tar-stream-3.2.0.tgz. Extracting by manifest.
59 silly tarball no local data for swagger-ui-express@https://registry.npmjs.org/swagger-ui-express/-/swagger-ui-express-5.0.1.tgz. Extracting by manifest.
60 silly tarball no local data for swagger-ui-dist@https://registry.npmjs.org/swagger-ui-dist/-/swagger-ui-dist-5.30.3.tgz. Extracting by manifest.
61 silly tarball no local data for swagger-parser@https://registry.npmjs.org/swagger-parser/-/swagger-parser-10.0.3.tgz. Extracting by manifest.
62 silly tarball no local data for swagger-jsdoc@https://registry.npmjs.org/swagger-jsdoc/-/swagger-jsdoc-6.2.8.tgz. Extracting by manifest.
63 silly tarball no local data for supports-preserve-symlinks-flag@https://registry.npmjs.org/supports-preserve-symlinks-flag/-/supports-preserve-symlinks-flag-1.0.0.tgz. Extracting by manifest.
64 silly tarball no local data for supertest@https://registry.npmjs.org/supertest/-/supertest-7.2.2.tgz. Extracting by manifest.
65 silly tarball no local data for supports-color@https://registry.npmjs.org/supports-color/-/supports-color-5.5.0.tgz. Extracting by manifest.
66 silly tarball no local data for superagent@https://registry.npmjs.org/superagent/-/superagent-10.3.0.tgz. Extracting by manifest.
67 silly tarball no local data for strip-json-comments@https://registry.npmjs.org/strip-json-comments/-/strip-json-comments-3.1.1.tgz. Extracting by manifest.
68 silly tarball no local data for strip-final-newline@https://registry.npmjs.org/strip-final-newline/-/strip-final-newline-2.0.0.tgz. Extracting by manifest.
69 silly tarball no local data for test-exclude@https://registry.npmjs.org/test-exclude/-/test-exclude-6.0.0.tgz. Extracting by manifest.
70 silly tarball no local data for strip-bom@https://registry.npmjs.org/strip-bom/-/strip-bom-4.0.0.tgz. Extracting by manifest.
71 silly tarball no local data for undefsafe@https://registry.npmjs.org/undefsafe/-/undefsafe-2.0.5.tgz. Extracting by manifest.
72 silly tarball no local data for string-width@https://registry.npmjs.org/string-width/-/string-width-4.2.3.tgz. Extracting by manifest.
73 silly tarball no local data for strip-ansi@https://registry.npmjs.org/strip-ansi/-/strip-ansi-6.0.1.tgz. Extracting by manifest.
74 silly tarball no local data for statuses@https://registry.npmjs.org/statuses/-/statuses-2.0.2.tgz. Extracting by manifest.
75 silly tarball no local data for stack-utils@https://registry.npmjs.org/stack-utils/-/stack-utils-2.0.6.tgz. Extracting by manifest.
76 silly tarball no local data for sprintf-js@https://registry.npmjs.org/sprintf-js/-/sprintf-js-1.0.3.tgz. Extracting by manifest.
77 silly tarball no local data for streamx@https://registry.npmjs.org/streamx/-/streamx-2.28.0.tgz. Extracting by manifest.
78 silly tarball no local data for sparse-bitfield@https://registry.npmjs.org/sparse-bitfield/-/sparse-bitfield-3.0.3.tgz. Extracting by manifest.
79 silly tarball no local data for source-map-support@https://registry.npmjs.org/source-map-support/-/source-map-support-0.5.13.tgz. Extracting by manifest.
80 silly tarball no local data for source-map@https://registry.npmjs.org/source-map/-/source-map-0.6.1.tgz. Extracting by manifest.
81 silly tarball no local data for slash@https://registry.npmjs.org/slash/-/slash-3.0.0.tgz. Extracting by manifest.
82 silly tarball no local data for sisteransi@https://registry.npmjs.org/sisteransi/-/sisteransi-1.0.5.tgz. Extracting by manifest.
83 silly tarball no local data for simple-update-notifier@https://registry.npmjs.org/simple-update-notifier/-/simple-update-notifier-2.0.0.tgz. Extracting by manifest.
84 silly tarball no local data for signal-exit@https://registry.npmjs.org/signal-exit/-/signal-exit-3.0.7.tgz. Extracting by manifest.
85 silly tarball no local data for sift@https://registry.npmjs.org/sift/-/sift-17.1.3.tgz. Extracting by manifest.
86 silly tarball no local data for side-channel-weakmap@https://registry.npmjs.org/side-channel-weakmap/-/side-channel-weakmap-1.0.2.tgz. Extracting by manifest.
87 silly tarball no local data for side-channel-map@https://registry.npmjs.org/side-channel-map/-/side-channel-map-1.0.1.tgz. Extracting by manifest.
88 silly tarball no local data for side-channel-list@https://registry.npmjs.org/side-channel-list/-/side-channel-list-1.0.1.tgz. Extracting by manifest.
89 silly tarball no local data for side-channel@https://registry.npmjs.org/side-channel/-/side-channel-1.1.1.tgz. Extracting by manifest.
90 silly tarball no local data for shebang-regex@https://registry.npmjs.org/shebang-regex/-/shebang-regex-3.0.0.tgz. Extracting by manifest.
91 silly tarball no local data for string-length@https://registry.npmjs.org/string-length/-/string-length-4.0.2.tgz. Extracting by manifest.
92 silly tarball no local data for setprototypeof@https://registry.npmjs.org/setprototypeof/-/setprototypeof-1.2.0.tgz. Extracting by manifest.
93 silly tarball no local data for shebang-command@https://registry.npmjs.org/shebang-command/-/shebang-command-2.0.0.tgz. Extracting by manifest.
94 silly tarball no local data for send@https://registry.npmjs.org/send/-/send-0.19.1.tgz. Extracting by manifest.
95 silly tarball no local data for semver@https://registry.npmjs.org/semver/-/semver-7.7.3.tgz. Extracting by manifest.
96 silly tarball no local data for serve-static@https://registry.npmjs.org/serve-static/-/serve-static-1.16.2.tgz. Extracting by manifest.
97 silly tarball no local data for safe-buffer@https://registry.npmjs.org/safe-buffer/-/safe-buffer-5.2.1.tgz. Extracting by manifest.
98 silly tarball no local data for safer-buffer@https://registry.npmjs.org/safer-buffer/-/safer-buffer-2.1.2.tgz. Extracting by manifest.
99 silly tarball no local data for resolve.exports@https://registry.npmjs.org/resolve.exports/-/resolve.exports-2.0.3.tgz. Extracting by manifest.
100 silly tarball no local data for resolve-cwd@https://registry.npmjs.org/resolve-cwd/-/resolve-cwd-3.0.0.tgz. Extracting by manifest.
101 silly tarball no local data for resolve-from@https://registry.npmjs.org/resolve-from/-/resolve-from-5.0.0.tgz. Extracting by manifest.
102 silly tarball no local data for resolve@https://registry.npmjs.org/resolve/-/resolve-1.22.12.tgz. Extracting by manifest.
103 silly tarball no local data for require-directory@https://registry.npmjs.org/require-directory/-/require-directory-2.1.1.tgz. Extracting by manifest.
104 silly tarball no local data for react-is@https://registry.npmjs.org/react-is/-/react-is-18.3.1.tgz. Extracting by manifest.
105 silly tarball no local data for raw-body@https://registry.npmjs.org/raw-body/-/raw-body-2.5.3.tgz. Extracting by manifest.
106 silly tarball no local data for readdirp@https://registry.npmjs.org/readdirp/-/readdirp-3.6.0.tgz. Extracting by manifest.
107 silly tarball no local data for qs@https://registry.npmjs.org/qs/-/qs-6.14.0.tgz. Extracting by manifest.
108 silly tarball no local data for punycode@https://registry.npmjs.org/punycode/-/punycode-2.3.1.tgz. Extracting by manifest.
109 silly tarball no local data for range-parser@https://registry.npmjs.org/range-parser/-/range-parser-1.2.1.tgz. Extracting by manifest.
110 silly tarball no local data for pstree.remy@https://registry.npmjs.org/pstree.remy/-/pstree.remy-1.1.8.tgz. Extracting by manifest.
111 silly tarball no local data for pretty-format@https://registry.npmjs.org/pretty-format/-/pretty-format-29.7.0.tgz. Extracting by manifest.
112 silly tarball no local data for prompts@https://registry.npmjs.org/prompts/-/prompts-2.4.2.tgz. Extracting by manifest.
113 silly tarball no local data for proxy-addr@https://registry.npmjs.org/proxy-addr/-/proxy-addr-2.0.7.tgz. Extracting by manifest.
114 silly tarball no local data for pkg-dir@https://registry.npmjs.org/pkg-dir/-/pkg-dir-4.2.0.tgz. Extracting by manifest.
115 silly tarball no local data for pirates@https://registry.npmjs.org/pirates/-/pirates-4.0.7.tgz. Extracting by manifest.
116 silly tarball no local data for pend@https://registry.npmjs.org/pend/-/pend-1.2.0.tgz. Extracting by manifest.
117 silly tarball no local data for picocolors@https://registry.npmjs.org/picocolors/-/picocolors-1.1.1.tgz. Extracting by manifest.
118 silly tarball no local data for path-parse@https://registry.npmjs.org/path-parse/-/path-parse-1.0.7.tgz. Extracting by manifest.
119 silly tarball no local data for path-to-regexp@https://registry.npmjs.org/path-to-regexp/-/path-to-regexp-0.1.12.tgz. Extracting by manifest.
120 silly tarball no local data for path-key@https://registry.npmjs.org/path-key/-/path-key-3.1.1.tgz. Extracting by manifest.
121 silly tarball no local data for path-is-absolute@https://registry.npmjs.org/path-is-absolute/-/path-is-absolute-1.0.1.tgz. Extracting by manifest.
122 silly tarball no local data for picomatch@https://registry.npmjs.org/picomatch/-/picomatch-2.3.1.tgz. Extracting by manifest.
123 silly tarball no local data for path-exists@https://registry.npmjs.org/path-exists/-/path-exists-4.0.0.tgz. Extracting by manifest.
124 silly tarball no local data for parseurl@https://registry.npmjs.org/parseurl/-/parseurl-1.3.3.tgz. Extracting by manifest.
125 silly tarball no local data for p-try@https://registry.npmjs.org/p-try/-/p-try-2.2.0.tgz. Extracting by manifest.
126 silly tarball no local data for parse-json@https://registry.npmjs.org/parse-json/-/parse-json-5.2.0.tgz. Extracting by manifest.
127 silly tarball no local data for p-locate@https://registry.npmjs.org/p-locate/-/p-locate-4.1.0.tgz. Extracting by manifest.
128 silly tarball no local data for p-limit@https://registry.npmjs.org/p-limit/-/p-limit-3.1.0.tgz. Extracting by manifest.
129 silly tarball no local data for pure-rand@https://registry.npmjs.org/pure-rand/-/pure-rand-6.1.0.tgz. Extracting by manifest.
130 silly tarball no local data for onetime@https://registry.npmjs.org/onetime/-/onetime-5.1.2.tgz. Extracting by manifest.
131 silly tarball no local data for openapi-types@https://registry.npmjs.org/openapi-types/-/openapi-types-12.1.3.tgz. Extracting by manifest.
132 silly tarball no local data for on-finished@https://registry.npmjs.org/on-finished/-/on-finished-2.4.1.tgz. Extracting by manifest.
133 silly tarball no local data for object-inspect@https://registry.npmjs.org/object-inspect/-/object-inspect-1.13.4.tgz. Extracting by manifest.
134 silly tarball no local data for once@https://registry.npmjs.org/once/-/once-1.4.0.tgz. Extracting by manifest.
135 silly tarball no local data for npm-run-path@https://registry.npmjs.org/npm-run-path/-/npm-run-path-4.0.1.tgz. Extracting by manifest.
136 silly tarball no local data for normalize-path@https://registry.npmjs.org/normalize-path/-/normalize-path-3.0.0.tgz. Extracting by manifest.
137 silly tarball no local data for object-assign@https://registry.npmjs.org/object-assign/-/object-assign-4.1.1.tgz. Extracting by manifest.
138 silly tarball no local data for node-releases@https://registry.npmjs.org/node-releases/-/node-releases-2.0.51.tgz. Extracting by manifest.
139 silly tarball no local data for node-int64@https://registry.npmjs.org/node-int64/-/node-int64-0.4.0.tgz. Extracting by manifest.
140 silly tarball no local data for new-find-package-json@https://registry.npmjs.org/new-find-package-json/-/new-find-package-json-2.0.0.tgz. Extracting by manifest.
141 silly tarball no local data for neo-async@https://registry.npmjs.org/neo-async/-/neo-async-2.6.2.tgz. Extracting by manifest.
142 silly tarball no local data for negotiator@https://registry.npmjs.org/negotiator/-/negotiator-0.6.3.tgz. Extracting by manifest.
143 silly tarball no local data for mquery@https://registry.npmjs.org/mquery/-/mquery-5.0.0.tgz. Extracting by manifest.
144 silly tarball no local data for ms@https://registry.npmjs.org/ms/-/ms-2.0.0.tgz. Extracting by manifest.
145 silly tarball no local data for mpath@https://registry.npmjs.org/mpath/-/mpath-0.9.0.tgz. Extracting by manifest.
146 silly tarball no local data for mongoose@https://registry.npmjs.org/mongoose/-/mongoose-8.20.2.tgz. Extracting by manifest.
147 silly tarball no local data for mongodb-memory-server-core@https://registry.npmjs.org/mongodb-memory-server-core/-/mongodb-memory-server-core-10.4.3.tgz. Extracting by manifest.
148 silly tarball no local data for nodemon@https://registry.npmjs.org/nodemon/-/nodemon-3.1.11.tgz. Extracting by manifest.
149 silly tarball no local data for mongodb-memory-server@https://registry.npmjs.org/mongodb-memory-server/-/mongodb-memory-server-10.4.3.tgz. Extracting by manifest.
150 silly tarball no local data for mongodb-connection-string-url@https://registry.npmjs.org/mongodb-connection-string-url/-/mongodb-connection-string-url-3.0.2.tgz. Extracting by manifest.
151 silly tarball no local data for mongodb@https://registry.npmjs.org/mongodb/-/mongodb-6.20.0.tgz. Extracting by manifest.
152 silly tarball no local data for minimist@https://registry.npmjs.org/minimist/-/minimist-1.2.8.tgz. Extracting by manifest.
153 silly tarball no local data for minimatch@https://registry.npmjs.org/minimatch/-/minimatch-3.1.2.tgz. Extracting by manifest.
154 silly tarball no local data for mimic-fn@https://registry.npmjs.org/mimic-fn/-/mimic-fn-2.1.0.tgz. Extracting by manifest.
155 silly tarball no local data for mime-types@https://registry.npmjs.org/mime-types/-/mime-types-2.1.35.tgz. Extracting by manifest.
156 silly tarball no local data for natural-compare@https://registry.npmjs.org/natural-compare/-/natural-compare-1.4.0.tgz. Extracting by manifest.
157 silly tarball no local data for mime-db@https://registry.npmjs.org/mime-db/-/mime-db-1.52.0.tgz. Extracting by manifest.
158 silly tarball no local data for micromatch@https://registry.npmjs.org/micromatch/-/micromatch-4.0.8.tgz. Extracting by manifest.
159 silly tarball no local data for methods@https://registry.npmjs.org/methods/-/methods-1.1.2.tgz. Extracting by manifest.
160 silly tarball no local data for merge-stream@https://registry.npmjs.org/merge-stream/-/merge-stream-2.0.0.tgz. Extracting by manifest.
161 silly tarball no local data for mime@https://registry.npmjs.org/mime/-/mime-1.6.0.tgz. Extracting by manifest.
162 silly tarball no local data for merge-descriptors@https://registry.npmjs.org/merge-descriptors/-/merge-descriptors-1.0.3.tgz. Extracting by manifest.
163 silly tarball no local data for memory-pager@https://registry.npmjs.org/memory-pager/-/memory-pager-1.5.0.tgz. Extracting by manifest.
164 silly tarball no local data for make-error@https://registry.npmjs.org/make-error/-/make-error-1.3.6.tgz. Extracting by manifest.
165 silly tarball no local data for math-intrinsics@https://registry.npmjs.org/math-intrinsics/-/math-intrinsics-1.1.0.tgz. Extracting by manifest.
166 silly tarball no local data for make-dir@https://registry.npmjs.org/make-dir/-/make-dir-4.0.0.tgz. Extracting by manifest.
167 silly tarball no local data for makeerror@https://registry.npmjs.org/makeerror/-/makeerror-1.0.12.tgz. Extracting by manifest.
168 silly tarball no local data for lru-cache@https://registry.npmjs.org/lru-cache/-/lru-cache-5.1.1.tgz. Extracting by manifest.
169 silly tarball no local data for lodash.once@https://registry.npmjs.org/lodash.once/-/lodash.once-4.1.1.tgz. Extracting by manifest.
170 silly tarball no local data for lodash.mergewith@https://registry.npmjs.org/lodash.mergewith/-/lodash.mergewith-4.6.2.tgz. Extracting by manifest.
171 silly tarball no local data for lodash.isstring@https://registry.npmjs.org/lodash.isstring/-/lodash.isstring-4.0.1.tgz. Extracting by manifest.
172 silly tarball no local data for lodash.memoize@https://registry.npmjs.org/lodash.memoize/-/lodash.memoize-4.1.2.tgz. Extracting by manifest.
173 silly tarball no local data for lodash.isplainobject@https://registry.npmjs.org/lodash.isplainobject/-/lodash.isplainobject-4.0.6.tgz. Extracting by manifest.
174 silly tarball no local data for lodash.isnumber@https://registry.npmjs.org/lodash.isnumber/-/lodash.isnumber-3.0.3.tgz. Extracting by manifest.
175 silly tarball no local data for lodash.isinteger@https://registry.npmjs.org/lodash.isinteger/-/lodash.isinteger-4.0.4.tgz. Extracting by manifest.
176 silly tarball no local data for lodash.isequal@https://registry.npmjs.org/lodash.isequal/-/lodash.isequal-4.5.0.tgz. Extracting by manifest.
177 silly tarball no local data for lodash.isboolean@https://registry.npmjs.org/lodash.isboolean/-/lodash.isboolean-3.0.3.tgz. Extracting by manifest.
178 silly tarball no local data for lodash.includes@https://registry.npmjs.org/lodash.includes/-/lodash.includes-4.3.0.tgz. Extracting by manifest.
179 silly tarball no local data for lodash.get@https://registry.npmjs.org/lodash.get/-/lodash.get-4.4.2.tgz. Extracting by manifest.
180 silly tarball no local data for lodash@https://registry.npmjs.org/lodash/-/lodash-4.18.1.tgz. Extracting by manifest.
181 silly tarball no local data for locate-path@https://registry.npmjs.org/locate-path/-/locate-path-5.0.0.tgz. Extracting by manifest.
182 silly tarball no local data for lines-and-columns@https://registry.npmjs.org/lines-and-columns/-/lines-and-columns-1.2.4.tgz. Extracting by manifest.
183 silly tarball no local data for media-typer@https://registry.npmjs.org/media-typer/-/media-typer-0.3.0.tgz. Extracting by manifest.
184 silly tarball no local data for leven@https://registry.npmjs.org/leven/-/leven-3.1.0.tgz. Extracting by manifest.
185 silly tarball no local data for kleur@https://registry.npmjs.org/kleur/-/kleur-3.0.3.tgz. Extracting by manifest.
186 silly tarball no local data for kareem@https://registry.npmjs.org/kareem/-/kareem-2.6.3.tgz. Extracting by manifest.
187 silly tarball no local data for jwa@https://registry.npmjs.org/jwa/-/jwa-2.0.1.tgz. Extracting by manifest.
188 silly tarball no local data for json5@https://registry.npmjs.org/json5/-/json5-2.2.3.tgz. Extracting by manifest.
189 silly tarball no local data for jsonwebtoken@https://registry.npmjs.org/jsonwebtoken/-/jsonwebtoken-9.0.3.tgz. Extracting by manifest.
190 silly tarball no local data for jws@https://registry.npmjs.org/jws/-/jws-4.0.1.tgz. Extracting by manifest.
191 silly tarball no local data for js-yaml@https://registry.npmjs.org/js-yaml/-/js-yaml-4.1.1.tgz. Extracting by manifest.
192 silly tarball no local data for jsesc@https://registry.npmjs.org/jsesc/-/jsesc-3.1.0.tgz. Extracting by manifest.
193 silly tarball no local data for js-tokens@https://registry.npmjs.org/js-tokens/-/js-tokens-4.0.0.tgz. Extracting by manifest.
194 silly tarball no local data for jest-watcher@https://registry.npmjs.org/jest-watcher/-/jest-watcher-29.7.0.tgz. Extracting by manifest.
195 silly tarball no local data for jest-util@https://registry.npmjs.org/jest-util/-/jest-util-29.7.0.tgz. Extracting by manifest.
196 silly tarball no local data for jest-validate@https://registry.npmjs.org/jest-validate/-/jest-validate-29.7.0.tgz. Extracting by manifest.
197 silly tarball no local data for jest-worker@https://registry.npmjs.org/jest-worker/-/jest-worker-29.7.0.tgz. Extracting by manifest.
198 silly tarball no local data for jest-snapshot@https://registry.npmjs.org/jest-snapshot/-/jest-snapshot-29.7.0.tgz. Extracting by manifest.
199 silly tarball no local data for jest-runtime@https://registry.npmjs.org/jest-runtime/-/jest-runtime-29.7.0.tgz. Extracting by manifest.
200 silly tarball no local data for jest-runner@https://registry.npmjs.org/jest-runner/-/jest-runner-29.7.0.tgz. Extracting by manifest.
201 silly tarball no local data for jest-resolve-dependencies@https://registry.npmjs.org/jest-resolve-dependencies/-/jest-resolve-dependencies-29.7.0.tgz. Extracting by manifest.
202 silly tarball no local data for jest-resolve@https://registry.npmjs.org/jest-resolve/-/jest-resolve-29.7.0.tgz. Extracting by manifest.
203 silly tarball no local data for jest-pnp-resolver@https://registry.npmjs.org/jest-pnp-resolver/-/jest-pnp-resolver-1.2.3.tgz. Extracting by manifest.
204 silly tarball no local data for jest-message-util@https://registry.npmjs.org/jest-message-util/-/jest-message-util-29.7.0.tgz. Extracting by manifest.
205 silly tarball no local data for jest-regex-util@https://registry.npmjs.org/jest-regex-util/-/jest-regex-util-29.6.3.tgz. Extracting by manifest.
206 silly tarball no local data for jest-mock@https://registry.npmjs.org/jest-mock/-/jest-mock-29.7.0.tgz. Extracting by manifest.
207 silly tarball no local data for jest-matcher-utils@https://registry.npmjs.org/jest-matcher-utils/-/jest-matcher-utils-29.7.0.tgz. Extracting by manifest.
208 silly tarball no local data for json-parse-even-better-errors@https://registry.npmjs.org/json-parse-even-better-errors/-/json-parse-even-better-errors-2.3.1.tgz. Extracting by manifest.
209 silly tarball no local data for jest-haste-map@https://registry.npmjs.org/jest-haste-map/-/jest-haste-map-29.7.0.tgz. Extracting by manifest.
210 silly tarball no local data for jest-get-type@https://registry.npmjs.org/jest-get-type/-/jest-get-type-29.6.3.tgz. Extracting by manifest.
211 silly tarball no local data for jest-environment-node@https://registry.npmjs.org/jest-environment-node/-/jest-environment-node-29.7.0.tgz. Extracting by manifest.
212 silly tarball no local data for jest-each@https://registry.npmjs.org/jest-each/-/jest-each-29.7.0.tgz. Extracting by manifest.
213 silly tarball no local data for jest-docblock@https://registry.npmjs.org/jest-docblock/-/jest-docblock-29.7.0.tgz. Extracting by manifest.
214 silly tarball no local data for jest-diff@https://registry.npmjs.org/jest-diff/-/jest-diff-29.7.0.tgz. Extracting by manifest.
215 silly tarball no local data for jest-config@https://registry.npmjs.org/jest-config/-/jest-config-29.7.0.tgz. Extracting by manifest.
216 silly tarball no local data for jest-circus@https://registry.npmjs.org/jest-circus/-/jest-circus-29.7.0.tgz. Extracting by manifest.
217 silly tarball no local data for jest@https://registry.npmjs.org/jest/-/jest-29.7.0.tgz. Extracting by manifest.
218 silly tarball no local data for jest-cli@https://registry.npmjs.org/jest-cli/-/jest-cli-29.7.0.tgz. Extracting by manifest.
219 silly tarball no local data for jest-changed-files@https://registry.npmjs.org/jest-changed-files/-/jest-changed-files-29.7.0.tgz. Extracting by manifest.
220 silly tarball no local data for istanbul-reports@https://registry.npmjs.org/istanbul-reports/-/istanbul-reports-3.2.0.tgz. Extracting by manifest.
221 silly tarball no local data for istanbul-lib-source-maps@https://registry.npmjs.org/istanbul-lib-source-maps/-/istanbul-lib-source-maps-4.0.1.tgz. Extracting by manifest.
222 silly tarball no local data for istanbul-lib-report@https://registry.npmjs.org/istanbul-lib-report/-/istanbul-lib-report-3.0.1.tgz. Extracting by manifest.
223 silly tarball no local data for istanbul-lib-coverage@https://registry.npmjs.org/istanbul-lib-coverage/-/istanbul-lib-coverage-3.2.2.tgz. Extracting by manifest.
224 silly tarball no local data for istanbul-lib-instrument@https://registry.npmjs.org/istanbul-lib-instrument/-/istanbul-lib-instrument-6.0.3.tgz. Extracting by manifest.
225 silly tarball no local data for isexe@https://registry.npmjs.org/isexe/-/isexe-2.0.0.tgz. Extracting by manifest.
226 silly tarball no local data for is-number@https://registry.npmjs.org/is-number/-/is-number-7.0.0.tgz. Extracting by manifest.
227 silly tarball no local data for is-glob@https://registry.npmjs.org/is-glob/-/is-glob-4.0.3.tgz. Extracting by manifest.
228 silly tarball no local data for is-stream@https://registry.npmjs.org/is-stream/-/is-stream-2.0.1.tgz. Extracting by manifest.
229 silly tarball no local data for is-generator-fn@https://registry.npmjs.org/is-generator-fn/-/is-generator-fn-2.1.0.tgz. Extracting by manifest.
230 silly tarball no local data for is-fullwidth-code-point@https://registry.npmjs.org/is-fullwidth-code-point/-/is-fullwidth-code-point-3.0.0.tgz. Extracting by manifest.
231 silly tarball no local data for is-extglob@https://registry.npmjs.org/is-extglob/-/is-extglob-2.1.1.tgz. Extracting by manifest.
232 silly tarball no local data for is-core-module@https://registry.npmjs.org/is-core-module/-/is-core-module-2.16.2.tgz. Extracting by manifest.
233 silly tarball no local data for is-binary-path@https://registry.npmjs.org/is-binary-path/-/is-binary-path-2.1.0.tgz. Extracting by manifest.
234 silly tarball no local data for ipaddr.js@https://registry.npmjs.org/ipaddr.js/-/ipaddr.js-1.9.1.tgz. Extracting by manifest.
235 silly tarball no local data for is-arrayish@https://registry.npmjs.org/is-arrayish/-/is-arrayish-0.2.1.tgz. Extracting by manifest.
236 silly tarball no local data for inherits@https://registry.npmjs.org/inherits/-/inherits-2.0.4.tgz. Extracting by manifest.
237 silly tarball no local data for imurmurhash@https://registry.npmjs.org/imurmurhash/-/imurmurhash-0.1.4.tgz. Extracting by manifest.
238 silly tarball no local data for inflight@https://registry.npmjs.org/inflight/-/inflight-1.0.6.tgz. Extracting by manifest.
239 silly tarball no local data for import-local@https://registry.npmjs.org/import-local/-/import-local-3.2.0.tgz. Extracting by manifest.
240 silly tarball no local data for iconv-lite@https://registry.npmjs.org/iconv-lite/-/iconv-lite-0.4.24.tgz. Extracting by manifest.
241 silly tarball no local data for ignore-by-default@https://registry.npmjs.org/ignore-by-default/-/ignore-by-default-1.0.1.tgz. Extracting by manifest.
242 silly tarball no local data for human-signals@https://registry.npmjs.org/human-signals/-/human-signals-2.1.0.tgz. Extracting by manifest.
243 silly tarball no local data for https-proxy-agent@https://registry.npmjs.org/https-proxy-agent/-/https-proxy-agent-7.0.6.tgz. Extracting by manifest.
244 silly tarball no local data for http-errors@https://registry.npmjs.org/http-errors/-/http-errors-2.0.1.tgz. Extracting by manifest.
245 silly tarball no local data for html-escaper@https://registry.npmjs.org/html-escaper/-/html-escaper-2.0.2.tgz. Extracting by manifest.
246 silly tarball no local data for jest-leak-detector@https://registry.npmjs.org/jest-leak-detector/-/jest-leak-detector-29.7.0.tgz. Extracting by manifest.
247 silly tarball no local data for has-tostringtag@https://registry.npmjs.org/has-tostringtag/-/has-tostringtag-1.0.2.tgz. Extracting by manifest.
248 silly tarball no local data for hasown@https://registry.npmjs.org/hasown/-/hasown-2.0.4.tgz. Extracting by manifest.
249 silly tarball no local data for has-symbols@https://registry.npmjs.org/has-symbols/-/has-symbols-1.1.0.tgz. Extracting by manifest.
250 silly tarball no local data for handlebars@https://registry.npmjs.org/handlebars/-/handlebars-4.7.9.tgz. Extracting by manifest.
251 silly tarball no local data for has-flag@https://registry.npmjs.org/has-flag/-/has-flag-3.0.0.tgz. Extracting by manifest.
252 silly tarball no local data for gopd@https://registry.npmjs.org/gopd/-/gopd-1.2.0.tgz. Extracting by manifest.
253 silly tarball no local data for graceful-fs@https://registry.npmjs.org/graceful-fs/-/graceful-fs-4.2.11.tgz. Extracting by manifest.
254 silly tarball no local data for glob-parent@https://registry.npmjs.org/glob-parent/-/glob-parent-5.1.2.tgz. Extracting by manifest.
255 silly tarball no local data for get-proto@https://registry.npmjs.org/get-proto/-/get-proto-1.0.1.tgz. Extracting by manifest.
256 silly tarball no local data for glob@https://registry.npmjs.org/glob/-/glob-7.1.6.tgz. Extracting by manifest.
257 silly tarball no local data for get-package-type@https://registry.npmjs.org/get-package-type/-/get-package-type-0.1.0.tgz. Extracting by manifest.
258 silly tarball no local data for get-intrinsic@https://registry.npmjs.org/get-intrinsic/-/get-intrinsic-1.3.0.tgz. Extracting by manifest.
259 silly tarball no local data for get-caller-file@https://registry.npmjs.org/get-caller-file/-/get-caller-file-2.0.5.tgz. Extracting by manifest.
260 silly tarball no local data for function-bind@https://registry.npmjs.org/function-bind/-/function-bind-1.1.2.tgz. Extracting by manifest.
261 silly tarball no local data for fs.realpath@https://registry.npmjs.org/fs.realpath/-/fs.realpath-1.0.0.tgz. Extracting by manifest.
262 silly tarball no local data for get-stream@https://registry.npmjs.org/get-stream/-/get-stream-6.0.1.tgz. Extracting by manifest.
263 silly tarball no local data for gensync@https://registry.npmjs.org/gensync/-/gensync-1.0.0-beta.2.tgz. Extracting by manifest.
264 silly tarball no local data for fresh@https://registry.npmjs.org/fresh/-/fresh-0.5.2.tgz. Extracting by manifest.
265 silly tarball no local data for forwarded@https://registry.npmjs.org/forwarded/-/forwarded-0.2.0.tgz. Extracting by manifest.
266 silly tarball no local data for form-data@https://registry.npmjs.org/form-data/-/form-data-4.0.6.tgz. Extracting by manifest.
267 silly tarball no local data for formidable@https://registry.npmjs.org/formidable/-/formidable-3.5.4.tgz. Extracting by manifest.
268 silly tarball no local data for follow-redirects@https://registry.npmjs.org/follow-redirects/-/follow-redirects-1.16.0.tgz. Extracting by manifest.
269 silly tarball no local data for find-cache-dir@https://registry.npmjs.org/find-cache-dir/-/find-cache-dir-3.3.2.tgz. Extracting by manifest.
270 silly tarball no local data for find-up@https://registry.npmjs.org/find-up/-/find-up-4.1.0.tgz. Extracting by manifest.
271 silly tarball no local data for fill-range@https://registry.npmjs.org/fill-range/-/fill-range-7.1.1.tgz. Extracting by manifest.
272 silly tarball no local data for fb-watchman@https://registry.npmjs.org/fb-watchman/-/fb-watchman-2.0.2.tgz. Extracting by manifest.
273 silly tarball no local data for fast-safe-stringify@https://registry.npmjs.org/fast-safe-stringify/-/fast-safe-stringify-2.1.1.tgz. Extracting by manifest.
274 silly tarball no local data for finalhandler@https://registry.npmjs.org/finalhandler/-/finalhandler-1.3.2.tgz. Extracting by manifest.
275 silly tarball no local data for fast-json-stable-stringify@https://registry.npmjs.org/fast-json-stable-stringify/-/fast-json-stable-stringify-2.1.0.tgz. Extracting by manifest.
276 silly tarball no local data for express-validator@https://registry.npmjs.org/express-validator/-/express-validator-7.3.2.tgz. Extracting by manifest.
277 silly tarball no local data for express@https://registry.npmjs.org/express/-/express-4.22.1.tgz. Extracting by manifest.
278 silly tarball no local data for expect@https://registry.npmjs.org/expect/-/expect-29.7.0.tgz. Extracting by manifest.
279 silly tarball no local data for execa@https://registry.npmjs.org/execa/-/execa-5.1.1.tgz. Extracting by manifest.
280 silly tarball no local data for exit@https://registry.npmjs.org/exit/-/exit-0.1.2.tgz. Extracting by manifest.
281 silly tarball no local data for etag@https://registry.npmjs.org/etag/-/etag-1.8.1.tgz. Extracting by manifest.
282 silly tarball no local data for fast-fifo@https://registry.npmjs.org/fast-fifo/-/fast-fifo-1.3.2.tgz. Extracting by manifest.
283 silly tarball no local data for esutils@https://registry.npmjs.org/esutils/-/esutils-2.0.3.tgz. Extracting by manifest.
284 silly tarball no local data for events-universal@https://registry.npmjs.org/events-universal/-/events-universal-1.0.1.tgz. Extracting by manifest.
285 silly tarball no local data for esprima@https://registry.npmjs.org/esprima/-/esprima-4.0.1.tgz. Extracting by manifest.
286 silly tarball no local data for escape-html@https://registry.npmjs.org/escape-html/-/escape-html-1.0.3.tgz. Extracting by manifest.
287 silly tarball no local data for escape-string-regexp@https://registry.npmjs.org/escape-string-regexp/-/escape-string-regexp-2.0.0.tgz. Extracting by manifest.
288 silly tarball no local data for es-set-tostringtag@https://registry.npmjs.org/es-set-tostringtag/-/es-set-tostringtag-2.1.0.tgz. Extracting by manifest.
289 silly tarball no local data for escalade@https://registry.npmjs.org/escalade/-/escalade-3.2.0.tgz. Extracting by manifest.
290 silly tarball no local data for es-object-atoms@https://registry.npmjs.org/es-object-atoms/-/es-object-atoms-1.1.1.tgz. Extracting by manifest.
291 silly tarball no local data for es-errors@https://registry.npmjs.org/es-errors/-/es-errors-1.3.0.tgz. Extracting by manifest.
292 silly tarball no local data for es-define-property@https://registry.npmjs.org/es-define-property/-/es-define-property-1.0.1.tgz. Extracting by manifest.
293 silly tarball no local data for error-ex@https://registry.npmjs.org/error-ex/-/error-ex-1.3.4.tgz. Extracting by manifest.
294 silly tarball no local data for encodeurl@https://registry.npmjs.org/encodeurl/-/encodeurl-2.0.0.tgz. Extracting by manifest.
295 silly tarball no local data for emittery@https://registry.npmjs.org/emittery/-/emittery-0.13.1.tgz. Extracting by manifest.
296 silly tarball no local data for emoji-regex@https://registry.npmjs.org/emoji-regex/-/emoji-regex-8.0.0.tgz. Extracting by manifest.
297 silly tarball no local data for ecdsa-sig-formatter@https://registry.npmjs.org/ecdsa-sig-formatter/-/ecdsa-sig-formatter-1.0.11.tgz. Extracting by manifest.
298 silly tarball no local data for dunder-proto@https://registry.npmjs.org/dunder-proto/-/dunder-proto-1.0.1.tgz. Extracting by manifest.
299 silly tarball no local data for electron-to-chromium@https://registry.npmjs.org/electron-to-chromium/-/electron-to-chromium-1.5.392.tgz. Extracting by manifest.
300 silly tarball no local data for dotenv@https://registry.npmjs.org/dotenv/-/dotenv-16.6.1.tgz. Extracting by manifest.
301 silly tarball no local data for doctrine@https://registry.npmjs.org/doctrine/-/doctrine-3.0.0.tgz. Extracting by manifest.
302 silly tarball no local data for diff-sequences@https://registry.npmjs.org/diff-sequences/-/diff-sequences-29.6.3.tgz. Extracting by manifest.
303 silly tarball no local data for dezalgo@https://registry.npmjs.org/dezalgo/-/dezalgo-1.0.4.tgz. Extracting by manifest.
304 silly tarball no local data for detect-newline@https://registry.npmjs.org/detect-newline/-/detect-newline-3.1.0.tgz. Extracting by manifest.
305 silly tarball no local data for destroy@https://registry.npmjs.org/destroy/-/destroy-1.2.0.tgz. Extracting by manifest.
306 silly tarball no local data for diff@https://registry.npmjs.org/diff/-/diff-4.0.2.tgz. Extracting by manifest.
307 silly tarball no local data for depd@https://registry.npmjs.org/depd/-/depd-2.0.0.tgz. Extracting by manifest.
308 silly tarball no local data for delayed-stream@https://registry.npmjs.org/delayed-stream/-/delayed-stream-1.0.0.tgz. Extracting by manifest.
309 silly tarball no local data for ee-first@https://registry.npmjs.org/ee-first/-/ee-first-1.1.1.tgz. Extracting by manifest.
310 silly tarball no local data for debug@https://registry.npmjs.org/debug/-/debug-2.6.9.tgz. Extracting by manifest.
311 silly tarball no local data for deepmerge@https://registry.npmjs.org/deepmerge/-/deepmerge-4.3.1.tgz. Extracting by manifest.
312 silly tarball no local data for dedent@https://registry.npmjs.org/dedent/-/dedent-1.7.2.tgz. Extracting by manifest.
313 silly tarball no local data for cross-spawn@https://registry.npmjs.org/cross-spawn/-/cross-spawn-7.0.6.tgz. Extracting by manifest.
314 silly tarball no local data for create-require@https://registry.npmjs.org/create-require/-/create-require-1.1.1.tgz. Extracting by manifest.
315 silly tarball no local data for cors@https://registry.npmjs.org/cors/-/cors-2.8.5.tgz. Extracting by manifest.
316 silly tarball no local data for create-jest@https://registry.npmjs.org/create-jest/-/create-jest-29.7.0.tgz. Extracting by manifest.
317 silly tarball no local data for cookie-signature@https://registry.npmjs.org/cookie-signature/-/cookie-signature-1.0.7.tgz. Extracting by manifest.
318 silly tarball no local data for content-type@https://registry.npmjs.org/content-type/-/content-type-1.0.5.tgz. Extracting by manifest.
319 silly tarball no local data for cookie@https://registry.npmjs.org/cookie/-/cookie-0.7.2.tgz. Extracting by manifest.
320 silly tarball no local data for cookiejar@https://registry.npmjs.org/cookiejar/-/cookiejar-2.1.4.tgz. Extracting by manifest.
321 silly tarball no local data for convert-source-map@https://registry.npmjs.org/convert-source-map/-/convert-source-map-2.0.0.tgz. Extracting by manifest.
322 silly tarball no local data for concat-map@https://registry.npmjs.org/concat-map/-/concat-map-0.0.1.tgz. Extracting by manifest.
323 silly tarball no local data for commondir@https://registry.npmjs.org/commondir/-/commondir-1.0.1.tgz. Extracting by manifest.
324 silly tarball no local data for commander@https://registry.npmjs.org/commander/-/commander-6.2.0.tgz. Extracting by manifest.
325 silly tarball no local data for combined-stream@https://registry.npmjs.org/combined-stream/-/combined-stream-1.0.8.tgz. Extracting by manifest.
326 silly tarball no local data for color-convert@https://registry.npmjs.org/color-convert/-/color-convert-2.0.1.tgz. Extracting by manifest.
327 silly tarball no local data for content-disposition@https://registry.npmjs.org/content-disposition/-/content-disposition-0.5.4.tgz. Extracting by manifest.
328 silly tarball no local data for collect-v8-coverage@https://registry.npmjs.org/collect-v8-coverage/-/collect-v8-coverage-1.0.3.tgz. Extracting by manifest.
329 silly tarball no local data for component-emitter@https://registry.npmjs.org/component-emitter/-/component-emitter-1.3.1.tgz. Extracting by manifest.
330 silly tarball no local data for co@https://registry.npmjs.org/co/-/co-4.6.0.tgz. Extracting by manifest.
331 silly tarball no local data for cliui@https://registry.npmjs.org/cliui/-/cliui-8.0.1.tgz. Extracting by manifest.
332 silly tarball no local data for color-name@https://registry.npmjs.org/color-name/-/color-name-1.1.4.tgz. Extracting by manifest.
333 silly tarball no local data for chokidar@https://registry.npmjs.org/chokidar/-/chokidar-3.6.0.tgz. Extracting by manifest.
334 silly tarball no local data for char-regex@https://registry.npmjs.org/char-regex/-/char-regex-1.0.2.tgz. Extracting by manifest.
335 silly tarball no local data for cjs-module-lexer@https://registry.npmjs.org/cjs-module-lexer/-/cjs-module-lexer-1.4.3.tgz. Extracting by manifest.
336 silly tarball no local data for ci-info@https://registry.npmjs.org/ci-info/-/ci-info-3.9.0.tgz. Extracting by manifest.
337 silly tarball no local data for chalk@https://registry.npmjs.org/chalk/-/chalk-4.1.2.tgz. Extracting by manifest.
338 silly tarball no local data for caniuse-lite@https://registry.npmjs.org/caniuse-lite/-/caniuse-lite-1.0.30001805.tgz. Extracting by manifest.
339 silly tarball no local data for camelcase@https://registry.npmjs.org/camelcase/-/camelcase-5.3.1.tgz. Extracting by manifest.
340 silly tarball no local data for callsites@https://registry.npmjs.org/callsites/-/callsites-3.1.0.tgz. Extracting by manifest.
341 silly tarball no local data for call-bound@https://registry.npmjs.org/call-bound/-/call-bound-1.0.4.tgz. Extracting by manifest.
342 silly tarball no local data for bytes@https://registry.npmjs.org/bytes/-/bytes-3.1.2.tgz. Extracting by manifest.
343 silly tarball no local data for call-bind-apply-helpers@https://registry.npmjs.org/call-bind-apply-helpers/-/call-bind-apply-helpers-1.0.2.tgz. Extracting by manifest.
344 silly tarball no local data for buffer-equal-constant-time@https://registry.npmjs.org/buffer-equal-constant-time/-/buffer-equal-constant-time-1.0.1.tgz. Extracting by manifest.
345 silly tarball no local data for bson@https://registry.npmjs.org/bson/-/bson-6.10.4.tgz. Extracting by manifest.
346 silly tarball no local data for bser@https://registry.npmjs.org/bser/-/bser-2.1.1.tgz. Extracting by manifest.
347 silly tarball no local data for bs-logger@https://registry.npmjs.org/bs-logger/-/bs-logger-0.2.6.tgz. Extracting by manifest.
348 silly tarball no local data for buffer-from@https://registry.npmjs.org/buffer-from/-/buffer-from-1.1.2.tgz. Extracting by manifest.
349 silly tarball no local data for braces@https://registry.npmjs.org/braces/-/braces-3.0.3.tgz. Extracting by manifest.
350 silly tarball no local data for brace-expansion@https://registry.npmjs.org/brace-expansion/-/brace-expansion-1.1.12.tgz. Extracting by manifest.
351 silly tarball no local data for binary-extensions@https://registry.npmjs.org/binary-extensions/-/binary-extensions-2.3.0.tgz. Extracting by manifest.
352 silly tarball no local data for body-parser@https://registry.npmjs.org/body-parser/-/body-parser-1.20.4.tgz. Extracting by manifest.
353 silly tarball no local data for bcryptjs@https://registry.npmjs.org/bcryptjs/-/bcryptjs-3.0.3.tgz. Extracting by manifest.
354 silly tarball no local data for call-me-maybe@https://registry.npmjs.org/call-me-maybe/-/call-me-maybe-1.0.2.tgz. Extracting by manifest.
355 silly tarball no local data for bare-url@https://registry.npmjs.org/bare-url/-/bare-url-2.4.5.tgz. Extracting by manifest.
356 silly tarball no local data for baseline-browser-mapping@https://registry.npmjs.org/baseline-browser-mapping/-/baseline-browser-mapping-2.10.43.tgz. Extracting by manifest.
357 silly tarball no local data for bare-path@https://registry.npmjs.org/bare-path/-/bare-path-3.1.1.tgz. Extracting by manifest.
358 silly tarball no local data for bare-fs@https://registry.npmjs.org/bare-fs/-/bare-fs-4.7.4.tgz. Extracting by manifest.
359 silly tarball no local data for bare-events@https://registry.npmjs.org/bare-events/-/bare-events-2.9.1.tgz. Extracting by manifest.
360 silly tarball no local data for balanced-match@https://registry.npmjs.org/balanced-match/-/balanced-match-1.0.2.tgz. Extracting by manifest.
361 silly tarball no local data for bare-stream@https://registry.npmjs.org/bare-stream/-/bare-stream-2.13.3.tgz. Extracting by manifest.
362 silly tarball no local data for babel-preset-jest@https://registry.npmjs.org/babel-preset-jest/-/babel-preset-jest-29.6.3.tgz. Extracting by manifest.
363 silly tarball no local data for babel-preset-current-node-syntax@https://registry.npmjs.org/babel-preset-current-node-syntax/-/babel-preset-current-node-syntax-1.2.0.tgz. Extracting by manifest.
364 silly tarball no local data for babel-plugin-istanbul@https://registry.npmjs.org/babel-plugin-istanbul/-/babel-plugin-istanbul-6.1.1.tgz. Extracting by manifest.
365 silly tarball no local data for babel-plugin-jest-hoist@https://registry.npmjs.org/babel-plugin-jest-hoist/-/babel-plugin-jest-hoist-29.6.3.tgz. Extracting by manifest.
366 silly tarball no local data for babel-jest@https://registry.npmjs.org/babel-jest/-/babel-jest-29.7.0.tgz. Extracting by manifest.
367 silly tarball no local data for asynckit@https://registry.npmjs.org/asynckit/-/asynckit-0.4.0.tgz. Extracting by manifest.
368 silly tarball no local data for async-mutex@https://registry.npmjs.org/async-mutex/-/async-mutex-0.5.0.tgz. Extracting by manifest.
369 silly tarball no local data for asap@https://registry.npmjs.org/asap/-/asap-2.0.6.tgz. Extracting by manifest.
370 silly tarball no local data for array-flatten@https://registry.npmjs.org/array-flatten/-/array-flatten-1.1.1.tgz. Extracting by manifest.
371 silly tarball no local data for b4a@https://registry.npmjs.org/b4a/-/b4a-1.8.1.tgz. Extracting by manifest.
372 silly tarball no local data for argparse@https://registry.npmjs.org/argparse/-/argparse-2.0.1.tgz. Extracting by manifest.
373 silly tarball no local data for arg@https://registry.npmjs.org/arg/-/arg-4.1.3.tgz. Extracting by manifest.
374 silly tarball no local data for ansi-styles@https://registry.npmjs.org/ansi-styles/-/ansi-styles-4.3.0.tgz. Extracting by manifest.
375 silly tarball no local data for anymatch@https://registry.npmjs.org/anymatch/-/anymatch-3.1.3.tgz. Extracting by manifest.
376 silly tarball no local data for agent-base@https://registry.npmjs.org/agent-base/-/agent-base-7.1.4.tgz. Extracting by manifest.
377 silly tarball no local data for acorn-walk@https://registry.npmjs.org/acorn-walk/-/acorn-walk-8.3.4.tgz. Extracting by manifest.
378 silly tarball no local data for acorn@https://registry.npmjs.org/acorn/-/acorn-8.15.0.tgz. Extracting by manifest.
379 silly tarball no local data for accepts@https://registry.npmjs.org/accepts/-/accepts-1.3.8.tgz. Extracting by manifest.
380 silly tarball no local data for @types/yargs-parser@https://registry.npmjs.org/@types/yargs-parser/-/yargs-parser-21.0.3.tgz. Extracting by manifest.
381 silly tarball no local data for @types/yargs@https://registry.npmjs.org/@types/yargs/-/yargs-17.0.35.tgz. Extracting by manifest.
382 silly tarball no local data for @types/whatwg-url@https://registry.npmjs.org/@types/whatwg-url/-/whatwg-url-11.0.5.tgz. Extracting by manifest.
383 silly tarball no local data for @types/webidl-conversions@https://registry.npmjs.org/@types/webidl-conversions/-/webidl-conversions-7.0.3.tgz. Extracting by manifest.
384 silly tarball no local data for @types/swagger-jsdoc@https://registry.npmjs.org/@types/swagger-jsdoc/-/swagger-jsdoc-6.0.4.tgz. Extracting by manifest.
385 silly tarball no local data for @types/swagger-ui-express@https://registry.npmjs.org/@types/swagger-ui-express/-/swagger-ui-express-4.1.8.tgz. Extracting by manifest.
386 silly tarball no local data for @types/superagent@https://registry.npmjs.org/@types/superagent/-/superagent-8.1.11.tgz. Extracting by manifest.
387 silly tarball no local data for @types/supertest@https://registry.npmjs.org/@types/supertest/-/supertest-7.2.1.tgz. Extracting by manifest.
388 silly tarball no local data for @types/serve-static@https://registry.npmjs.org/@types/serve-static/-/serve-static-1.15.10.tgz. Extracting by manifest.
389 silly tarball no local data for @types/stack-utils@https://registry.npmjs.org/@types/stack-utils/-/stack-utils-2.0.3.tgz. Extracting by manifest.
390 silly tarball no local data for @types/send@https://registry.npmjs.org/@types/send/-/send-1.2.1.tgz. Extracting by manifest.
391 silly tarball no local data for @types/range-parser@https://registry.npmjs.org/@types/range-parser/-/range-parser-1.2.7.tgz. Extracting by manifest.
392 silly tarball no local data for @types/qs@https://registry.npmjs.org/@types/qs/-/qs-6.14.0.tgz. Extracting by manifest.
393 silly tarball no local data for @types/ms@https://registry.npmjs.org/@types/ms/-/ms-2.1.0.tgz. Extracting by manifest.
394 silly tarball no local data for @types/node@https://registry.npmjs.org/@types/node/-/node-24.10.1.tgz. Extracting by manifest.
395 silly tarball no local data for ansi-escapes@https://registry.npmjs.org/ansi-escapes/-/ansi-escapes-4.3.2.tgz. Extracting by manifest.
396 silly tarball no local data for @types/mime@https://registry.npmjs.org/@types/mime/-/mime-1.3.5.tgz. Extracting by manifest.
397 silly tarball no local data for @types/jsonwebtoken@https://registry.npmjs.org/@types/jsonwebtoken/-/jsonwebtoken-9.0.10.tgz. Extracting by manifest.
398 silly tarball no local data for @types/methods@https://registry.npmjs.org/@types/methods/-/methods-1.1.4.tgz. Extracting by manifest.
399 silly tarball no local data for @types/json-schema@https://registry.npmjs.org/@types/json-schema/-/json-schema-7.0.15.tgz. Extracting by manifest.
400 silly tarball no local data for @types/istanbul-reports@https://registry.npmjs.org/@types/istanbul-reports/-/istanbul-reports-3.0.4.tgz. Extracting by manifest.
401 silly tarball no local data for @types/jest@https://registry.npmjs.org/@types/jest/-/jest-29.5.14.tgz. Extracting by manifest.
402 silly tarball no local data for @types/istanbul-lib-report@https://registry.npmjs.org/@types/istanbul-lib-report/-/istanbul-lib-report-3.0.3.tgz. Extracting by manifest.
403 silly tarball no local data for @types/http-errors@https://registry.npmjs.org/@types/http-errors/-/http-errors-2.0.5.tgz. Extracting by manifest.
404 silly tarball no local data for @types/istanbul-lib-coverage@https://registry.npmjs.org/@types/istanbul-lib-coverage/-/istanbul-lib-coverage-2.0.6.tgz. Extracting by manifest.
405 silly tarball no local data for @types/graceful-fs@https://registry.npmjs.org/@types/graceful-fs/-/graceful-fs-4.1.9.tgz. Extracting by manifest.
406 silly tarball no local data for @types/express-serve-static-core@https://registry.npmjs.org/@types/express-serve-static-core/-/express-serve-static-core-4.19.7.tgz. Extracting by manifest.
407 silly tarball no local data for @types/express@https://registry.npmjs.org/@types/express/-/express-4.17.25.tgz. Extracting by manifest.
408 silly tarball no local data for @types/cors@https://registry.npmjs.org/@types/cors/-/cors-2.8.19.tgz. Extracting by manifest.
409 silly tarball no local data for @types/cookiejar@https://registry.npmjs.org/@types/cookiejar/-/cookiejar-2.1.5.tgz. Extracting by manifest.
410 silly tarball no local data for @types/connect@https://registry.npmjs.org/@types/connect/-/connect-3.4.38.tgz. Extracting by manifest.
411 silly tarball no local data for @types/body-parser@https://registry.npmjs.org/@types/body-parser/-/body-parser-1.19.6.tgz. Extracting by manifest.
412 silly tarball no local data for @types/bcryptjs@https://registry.npmjs.org/@types/bcryptjs/-/bcryptjs-2.4.6.tgz. Extracting by manifest.
413 silly tarball no local data for @types/babel__traverse@https://registry.npmjs.org/@types/babel__traverse/-/babel__traverse-7.28.0.tgz. Extracting by manifest.
414 silly tarball no local data for @types/babel__generator@https://registry.npmjs.org/@types/babel__generator/-/babel__generator-7.27.0.tgz. Extracting by manifest.
415 silly tarball no local data for browserslist@https://registry.npmjs.org/browserslist/-/browserslist-4.28.6.tgz. Extracting by manifest.
416 silly tarball no local data for @types/babel__core@https://registry.npmjs.org/@types/babel__core/-/babel__core-7.20.5.tgz. Extracting by manifest.
417 silly tarball no local data for @tsconfig/node16@https://registry.npmjs.org/@tsconfig/node16/-/node16-1.0.4.tgz. Extracting by manifest.
418 silly tarball no local data for ansi-regex@https://registry.npmjs.org/ansi-regex/-/ansi-regex-5.0.1.tgz. Extracting by manifest.
419 silly tarball no local data for @tsconfig/node14@https://registry.npmjs.org/@tsconfig/node14/-/node14-1.0.3.tgz. Extracting by manifest.
420 silly tarball no local data for @types/babel__template@https://registry.npmjs.org/@types/babel__template/-/babel__template-7.4.4.tgz. Extracting by manifest.
421 silly tarball no local data for @sinonjs/fake-timers@https://registry.npmjs.org/@sinonjs/fake-timers/-/fake-timers-10.3.0.tgz. Extracting by manifest.
422 silly tarball no local data for @tsconfig/node10@https://registry.npmjs.org/@tsconfig/node10/-/node10-1.0.12.tgz. Extracting by manifest.
423 silly tarball no local data for @sinclair/typebox@https://registry.npmjs.org/@sinclair/typebox/-/typebox-0.27.10.tgz. Extracting by manifest.
424 silly tarball no local data for @sinonjs/commons@https://registry.npmjs.org/@sinonjs/commons/-/commons-3.0.1.tgz. Extracting by manifest.
425 silly tarball no local data for @scarf/scarf@https://registry.npmjs.org/@scarf/scarf/-/scarf-1.4.0.tgz. Extracting by manifest.
426 silly tarball no local data for @tsconfig/node12@https://registry.npmjs.org/@tsconfig/node12/-/node12-1.0.11.tgz. Extracting by manifest.
427 silly tarball no local data for @paralleldrive/cuid2@https://registry.npmjs.org/@paralleldrive/cuid2/-/cuid2-2.3.1.tgz. Extracting by manifest.
428 silly tarball no local data for @mongodb-js/saslprep@https://registry.npmjs.org/@mongodb-js/saslprep/-/saslprep-1.3.2.tgz. Extracting by manifest.
429 silly tarball no local data for @jsdevtools/ono@https://registry.npmjs.org/@jsdevtools/ono/-/ono-7.1.3.tgz. Extracting by manifest.
430 silly tarball no local data for @jridgewell/trace-mapping@https://registry.npmjs.org/@jridgewell/trace-mapping/-/trace-mapping-0.3.9.tgz. Extracting by manifest.
431 silly tarball no local data for @jridgewell/sourcemap-codec@https://registry.npmjs.org/@jridgewell/sourcemap-codec/-/sourcemap-codec-1.5.5.tgz. Extracting by manifest.
432 silly tarball no local data for @jridgewell/resolve-uri@https://registry.npmjs.org/@jridgewell/resolve-uri/-/resolve-uri-3.1.2.tgz. Extracting by manifest.
433 silly tarball no local data for @jridgewell/remapping@https://registry.npmjs.org/@jridgewell/remapping/-/remapping-2.3.5.tgz. Extracting by manifest.
434 silly tarball no local data for @jest/types@https://registry.npmjs.org/@jest/types/-/types-29.6.3.tgz. Extracting by manifest.
435 silly tarball no local data for @jridgewell/gen-mapping@https://registry.npmjs.org/@jridgewell/gen-mapping/-/gen-mapping-0.3.13.tgz. Extracting by manifest.
436 silly tarball no local data for @jest/transform@https://registry.npmjs.org/@jest/transform/-/transform-29.7.0.tgz. Extracting by manifest.
437 silly tarball no local data for @jest/test-result@https://registry.npmjs.org/@jest/test-result/-/test-result-29.7.0.tgz. Extracting by manifest.
438 silly tarball no local data for @jest/test-sequencer@https://registry.npmjs.org/@jest/test-sequencer/-/test-sequencer-29.7.0.tgz. Extracting by manifest.
439 silly tarball no local data for @jest/source-map@https://registry.npmjs.org/@jest/source-map/-/source-map-29.6.3.tgz. Extracting by manifest.
440 silly tarball no local data for @noble/hashes@https://registry.npmjs.org/@noble/hashes/-/hashes-1.8.0.tgz. Extracting by manifest.
441 silly tarball no local data for @jest/schemas@https://registry.npmjs.org/@jest/schemas/-/schemas-29.6.3.tgz. Extracting by manifest.
442 silly tarball no local data for @jest/reporters@https://registry.npmjs.org/@jest/reporters/-/reporters-29.7.0.tgz. Extracting by manifest.
443 silly tarball no local data for @jest/fake-timers@https://registry.npmjs.org/@jest/fake-timers/-/fake-timers-29.7.0.tgz. Extracting by manifest.
444 silly tarball no local data for @jest/expect-utils@https://registry.npmjs.org/@jest/expect-utils/-/expect-utils-29.7.0.tgz. Extracting by manifest.
445 silly tarball no local data for @jest/expect@https://registry.npmjs.org/@jest/expect/-/expect-29.7.0.tgz. Extracting by manifest.
446 silly tarball no local data for @jest/globals@https://registry.npmjs.org/@jest/globals/-/globals-29.7.0.tgz. Extracting by manifest.
447 silly tarball no local data for @jest/environment@https://registry.npmjs.org/@jest/environment/-/environment-29.7.0.tgz. Extracting by manifest.
448 silly tarball no local data for @jest/console@https://registry.npmjs.org/@jest/console/-/console-29.7.0.tgz. Extracting by manifest.
449 silly tarball no local data for @jest/core@https://registry.npmjs.org/@jest/core/-/core-29.7.0.tgz. Extracting by manifest.
450 silly tarball no local data for @istanbuljs/load-nyc-config@https://registry.npmjs.org/@istanbuljs/load-nyc-config/-/load-nyc-config-1.1.0.tgz. Extracting by manifest.
451 silly tarball no local data for @istanbuljs/schema@https://registry.npmjs.org/@istanbuljs/schema/-/schema-0.1.6.tgz. Extracting by manifest.
452 silly tarball no local data for @bcoe/v8-coverage@https://registry.npmjs.org/@bcoe/v8-coverage/-/v8-coverage-0.2.3.tgz. Extracting by manifest.
453 silly tarball no local data for @babel/types@https://registry.npmjs.org/@babel/types/-/types-7.29.7.tgz. Extracting by manifest.
454 silly tarball no local data for @babel/traverse@https://registry.npmjs.org/@babel/traverse/-/traverse-7.29.7.tgz. Extracting by manifest.
455 silly tarball no local data for @babel/plugin-syntax-typescript@https://registry.npmjs.org/@babel/plugin-syntax-typescript/-/plugin-syntax-typescript-7.29.7.tgz. Extracting by manifest.
456 silly tarball no local data for @babel/template@https://registry.npmjs.org/@babel/template/-/template-7.29.7.tgz. Extracting by manifest.
457 silly tarball no local data for @babel/plugin-syntax-private-property-in-object@https://registry.npmjs.org/@babel/plugin-syntax-private-property-in-object/-/plugin-syntax-private-property-in-object-7.14.5.tgz. Extracting by manifest.
458 silly tarball no local data for @babel/plugin-syntax-top-level-await@https://registry.npmjs.org/@babel/plugin-syntax-top-level-await/-/plugin-syntax-top-level-await-7.14.5.tgz. Extracting by manifest.
459 silly tarball no local data for @cspotcode/source-map-support@https://registry.npmjs.org/@cspotcode/source-map-support/-/source-map-support-0.8.1.tgz. Extracting by manifest.
460 silly tarball no local data for @babel/plugin-syntax-optional-catch-binding@https://registry.npmjs.org/@babel/plugin-syntax-optional-catch-binding/-/plugin-syntax-optional-catch-binding-7.8.3.tgz. Extracting by manifest.
461 silly tarball no local data for @babel/plugin-syntax-object-rest-spread@https://registry.npmjs.org/@babel/plugin-syntax-object-rest-spread/-/plugin-syntax-object-rest-spread-7.8.3.tgz. Extracting by manifest.
462 silly tarball no local data for @babel/plugin-syntax-numeric-separator@https://registry.npmjs.org/@babel/plugin-syntax-numeric-separator/-/plugin-syntax-numeric-separator-7.10.4.tgz. Extracting by manifest.
463 silly tarball no local data for @babel/plugin-syntax-nullish-coalescing-operator@https://registry.npmjs.org/@babel/plugin-syntax-nullish-coalescing-operator/-/plugin-syntax-nullish-coalescing-operator-7.8.3.tgz. Extracting by manifest.
464 silly tarball no local data for @babel/plugin-syntax-logical-assignment-operators@https://registry.npmjs.org/@babel/plugin-syntax-logical-assignment-operators/-/plugin-syntax-logical-assignment-operators-7.10.4.tgz. Extracting by manifest.
465 silly tarball no local data for @babel/plugin-syntax-json-strings@https://registry.npmjs.org/@babel/plugin-syntax-json-strings/-/plugin-syntax-json-strings-7.8.3.tgz. Extracting by manifest.
466 silly tarball no local data for @babel/plugin-syntax-optional-chaining@https://registry.npmjs.org/@babel/plugin-syntax-optional-chaining/-/plugin-syntax-optional-chaining-7.8.3.tgz. Extracting by manifest.
467 silly tarball no local data for @babel/plugin-syntax-jsx@https://registry.npmjs.org/@babel/plugin-syntax-jsx/-/plugin-syntax-jsx-7.29.7.tgz. Extracting by manifest.
468 silly tarball no local data for @babel/plugin-syntax-import-attributes@https://registry.npmjs.org/@babel/plugin-syntax-import-attributes/-/plugin-syntax-import-attributes-7.29.7.tgz. Extracting by manifest.
469 silly tarball no local data for @babel/plugin-syntax-bigint@https://registry.npmjs.org/@babel/plugin-syntax-bigint/-/plugin-syntax-bigint-7.8.3.tgz. Extracting by manifest.
470 silly tarball no local data for @babel/plugin-syntax-class-properties@https://registry.npmjs.org/@babel/plugin-syntax-class-properties/-/plugin-syntax-class-properties-7.12.13.tgz. Extracting by manifest.
471 silly tarball no local data for @babel/plugin-syntax-async-generators@https://registry.npmjs.org/@babel/plugin-syntax-async-generators/-/plugin-syntax-async-generators-7.8.4.tgz. Extracting by manifest.
472 silly tarball no local data for @babel/plugin-syntax-class-static-block@https://registry.npmjs.org/@babel/plugin-syntax-class-static-block/-/plugin-syntax-class-static-block-7.14.5.tgz. Extracting by manifest.
473 silly tarball no local data for @babel/parser@https://registry.npmjs.org/@babel/parser/-/parser-7.29.7.tgz. Extracting by manifest.
474 silly tarball no local data for @babel/plugin-syntax-import-meta@https://registry.npmjs.org/@babel/plugin-syntax-import-meta/-/plugin-syntax-import-meta-7.10.4.tgz. Extracting by manifest.
475 silly tarball no local data for @babel/helpers@https://registry.npmjs.org/@babel/helpers/-/helpers-7.29.7.tgz. Extracting by manifest.
476 silly tarball no local data for @babel/helper-validator-option@https://registry.npmjs.org/@babel/helper-validator-option/-/helper-validator-option-7.29.7.tgz. Extracting by manifest.
477 silly tarball no local data for @babel/helper-string-parser@https://registry.npmjs.org/@babel/helper-string-parser/-/helper-string-parser-7.29.7.tgz. Extracting by manifest.
478 silly tarball no local data for @babel/helper-validator-identifier@https://registry.npmjs.org/@babel/helper-validator-identifier/-/helper-validator-identifier-7.29.7.tgz. Extracting by manifest.
479 silly tarball no local data for @babel/helper-plugin-utils@https://registry.npmjs.org/@babel/helper-plugin-utils/-/helper-plugin-utils-7.29.7.tgz. Extracting by manifest.
480 silly tarball no local data for @babel/helper-module-transforms@https://registry.npmjs.org/@babel/helper-module-transforms/-/helper-module-transforms-7.29.7.tgz. Extracting by manifest.
481 silly tarball no local data for @babel/helper-globals@https://registry.npmjs.org/@babel/helper-globals/-/helper-globals-7.29.7.tgz. Extracting by manifest.
482 silly tarball no local data for @babel/helper-module-imports@https://registry.npmjs.org/@babel/helper-module-imports/-/helper-module-imports-7.29.7.tgz. Extracting by manifest.
483 silly tarball no local data for @babel/generator@https://registry.npmjs.org/@babel/generator/-/generator-7.29.7.tgz. Extracting by manifest.
484 silly tarball no local data for @babel/core@https://registry.npmjs.org/@babel/core/-/core-7.29.7.tgz. Extracting by manifest.
485 silly tarball no local data for @babel/helper-compilation-targets@https://registry.npmjs.org/@babel/helper-compilation-targets/-/helper-compilation-targets-7.29.7.tgz. Extracting by manifest.
486 silly tarball no local data for @babel/compat-data@https://registry.npmjs.org/@babel/compat-data/-/compat-data-7.29.7.tgz. Extracting by manifest.
487 silly tarball no local data for @apidevtools/swagger-methods@https://registry.npmjs.org/@apidevtools/swagger-methods/-/swagger-methods-3.0.2.tgz. Extracting by manifest.
488 silly tarball no local data for @apidevtools/swagger-parser@https://registry.npmjs.org/@apidevtools/swagger-parser/-/swagger-parser-10.0.3.tgz. Extracting by manifest.
489 silly tarball no local data for @apidevtools/json-schema-ref-parser@https://registry.npmjs.org/@apidevtools/json-schema-ref-parser/-/json-schema-ref-parser-9.1.2.tgz. Extracting by manifest.
490 silly tarball no local data for @babel/code-frame@https://registry.npmjs.org/@babel/code-frame/-/code-frame-7.29.7.tgz. Extracting by manifest.
491 silly tarball no local data for commander@https://registry.npmjs.org/commander/-/commander-9.5.0.tgz. Extracting by manifest.
492 silly tarball no local data for type-fest@https://registry.npmjs.org/type-fest/-/type-fest-4.41.0.tgz. Extracting by manifest.
493 silly tarball no local data for semver@https://registry.npmjs.org/semver/-/semver-7.8.5.tgz. Extracting by manifest.
494 silly tarball no local data for cookie-signature@https://registry.npmjs.org/cookie-signature/-/cookie-signature-1.2.2.tgz. Extracting by manifest.
495 silly tarball no local data for @jridgewell/trace-mapping@https://registry.npmjs.org/@jridgewell/trace-mapping/-/trace-mapping-0.3.31.tgz. Extracting by manifest.
496 silly tarball no local data for qs@https://registry.npmjs.org/qs/-/qs-6.15.3.tgz. Extracting by manifest.
497 silly tarball no local data for mime@https://registry.npmjs.org/mime/-/mime-2.6.0.tgz. Extracting by manifest.
498 silly tarball no local data for @apidevtools/openapi-schemas@https://registry.npmjs.org/@apidevtools/openapi-schemas/-/openapi-schemas-2.1.0.tgz. Extracting by manifest.
499 silly tarball no local data for debug@https://registry.npmjs.org/debug/-/debug-4.4.3.tgz. Extracting by manifest.
500 silly tarball no local data for ms@https://registry.npmjs.org/ms/-/ms-2.1.3.tgz. Extracting by manifest.
501 silly tarball no local data for statuses@https://registry.npmjs.org/statuses/-/statuses-2.0.1.tgz. Extracting by manifest.
502 silly tarball no local data for send@https://registry.npmjs.org/send/-/send-0.19.0.tgz. Extracting by manifest.
503 silly tarball no local data for encodeurl@https://registry.npmjs.org/encodeurl/-/encodeurl-1.0.2.tgz. Extracting by manifest.
504 silly tarball no local data for ms@https://registry.npmjs.org/ms/-/ms-2.1.3.tgz. Extracting by manifest.
505 silly tarball no local data for statuses@https://registry.npmjs.org/statuses/-/statuses-2.0.1.tgz. Extracting by manifest.
506 silly tarball no local data for http-errors@https://registry.npmjs.org/http-errors/-/http-errors-2.0.0.tgz. Extracting by manifest.
507 silly tarball no local data for ms@https://registry.npmjs.org/ms/-/ms-2.1.3.tgz. Extracting by manifest.
508 silly tarball no local data for p-limit@https://registry.npmjs.org/p-limit/-/p-limit-2.3.0.tgz. Extracting by manifest.
509 silly tarball no local data for ms@https://registry.npmjs.org/ms/-/ms-2.1.3.tgz. Extracting by manifest.
510 silly tarball no local data for debug@https://registry.npmjs.org/debug/-/debug-4.4.3.tgz. Extracting by manifest.
511 silly tarball no local data for ansi-styles@https://registry.npmjs.org/ansi-styles/-/ansi-styles-5.2.0.tgz. Extracting by manifest.
512 silly tarball no local data for ms@https://registry.npmjs.org/ms/-/ms-2.1.3.tgz. Extracting by manifest.
513 silly tarball no local data for ms@https://registry.npmjs.org/ms/-/ms-2.1.3.tgz. Extracting by manifest.
514 silly tarball no local data for http-errors@https://registry.npmjs.org/http-errors/-/http-errors-2.0.0.tgz. Extracting by manifest.
515 silly tarball no local data for debug@https://registry.npmjs.org/debug/-/debug-4.4.3.tgz. Extracting by manifest.
516 silly tarball no local data for debug@https://registry.npmjs.org/debug/-/debug-4.4.3.tgz. Extracting by manifest.
517 silly tarball no local data for ms@https://registry.npmjs.org/ms/-/ms-2.1.3.tgz. Extracting by manifest.
518 silly tarball no local data for debug@https://registry.npmjs.org/debug/-/debug-4.4.3.tgz. Extracting by manifest.
519 silly tarball no local data for ms@https://registry.npmjs.org/ms/-/ms-2.1.3.tgz. Extracting by manifest.
520 silly tarball no local data for camelcase@https://registry.npmjs.org/camelcase/-/camelcase-6.3.0.tgz. Extracting by manifest.
521 silly tarball no local data for ms@https://registry.npmjs.org/ms/-/ms-2.1.3.tgz. Extracting by manifest.
522 silly tarball no local data for has-flag@https://registry.npmjs.org/has-flag/-/has-flag-4.0.0.tgz. Extracting by manifest.
523 silly tarball no local data for supports-color@https://registry.npmjs.org/supports-color/-/supports-color-8.1.1.tgz. Extracting by manifest.
524 silly tarball no local data for camelcase@https://registry.npmjs.org/camelcase/-/camelcase-6.3.0.tgz. Extracting by manifest.
525 silly tarball no local data for ms@https://registry.npmjs.org/ms/-/ms-2.1.3.tgz. Extracting by manifest.
526 silly tarball no local data for debug@https://registry.npmjs.org/debug/-/debug-4.4.3.tgz. Extracting by manifest.
527 silly tarball no local data for supports-color@https://registry.npmjs.org/supports-color/-/supports-color-7.2.0.tgz. Extracting by manifest.
528 silly tarball no local data for has-flag@https://registry.npmjs.org/has-flag/-/has-flag-4.0.0.tgz. Extracting by manifest.
529 silly tarball no local data for ms@https://registry.npmjs.org/ms/-/ms-2.1.3.tgz. Extracting by manifest.
530 silly tarball no local data for debug@https://registry.npmjs.org/debug/-/debug-4.4.3.tgz. Extracting by manifest.
531 silly tarball no local data for semver@https://registry.npmjs.org/semver/-/semver-6.3.1.tgz. Extracting by manifest.
532 silly tarball no local data for has-flag@https://registry.npmjs.org/has-flag/-/has-flag-4.0.0.tgz. Extracting by manifest.
533 silly tarball no local data for istanbul-lib-instrument@https://registry.npmjs.org/istanbul-lib-instrument/-/istanbul-lib-instrument-5.2.1.tgz. Extracting by manifest.
534 silly tarball no local data for semver@https://registry.npmjs.org/semver/-/semver-6.3.1.tgz. Extracting by manifest.
535 silly tarball no local data for @types/send@https://registry.npmjs.org/@types/send/-/send-0.17.6.tgz. Extracting by manifest.
536 silly tarball no local data for supports-color@https://registry.npmjs.org/supports-color/-/supports-color-7.2.0.tgz. Extracting by manifest.
537 silly tarball no local data for make-dir@https://registry.npmjs.org/make-dir/-/make-dir-3.1.0.tgz. Extracting by manifest.
538 silly tarball no local data for @jridgewell/trace-mapping@https://registry.npmjs.org/@jridgewell/trace-mapping/-/trace-mapping-0.3.31.tgz. Extracting by manifest.
539 silly tarball no local data for @jridgewell/trace-mapping@https://registry.npmjs.org/@jridgewell/trace-mapping/-/trace-mapping-0.3.31.tgz. Extracting by manifest.
540 silly tarball no local data for @jridgewell/trace-mapping@https://registry.npmjs.org/@jridgewell/trace-mapping/-/trace-mapping-0.3.31.tgz. Extracting by manifest.
541 silly tarball no local data for @jridgewell/trace-mapping@https://registry.npmjs.org/@jridgewell/trace-mapping/-/trace-mapping-0.3.31.tgz. Extracting by manifest.
542 silly tarball no local data for @jridgewell/trace-mapping@https://registry.npmjs.org/@jridgewell/trace-mapping/-/trace-mapping-0.3.31.tgz. Extracting by manifest.
543 silly tarball no local data for js-yaml@https://registry.npmjs.org/js-yaml/-/js-yaml-3.15.0.tgz. Extracting by manifest.
544 silly tarball no local data for argparse@https://registry.npmjs.org/argparse/-/argparse-1.0.10.tgz. Extracting by manifest.
545 silly tarball no local data for debug@https://registry.npmjs.org/debug/-/debug-4.4.3.tgz. Extracting by manifest.
546 silly tarball no local data for ms@https://registry.npmjs.org/ms/-/ms-2.1.3.tgz. Extracting by manifest.
547 silly tarball no local data for semver@https://registry.npmjs.org/semver/-/semver-6.3.1.tgz. Extracting by manifest.
548 silly tarball no local data for semver@https://registry.npmjs.org/semver/-/semver-6.3.1.tgz. Extracting by manifest.
549 silly tarball no local data for @jridgewell/trace-mapping@https://registry.npmjs.org/@jridgewell/trace-mapping/-/trace-mapping-0.3.31.tgz. Extracting by manifest.
550 silly tarball no local data for ms@https://registry.npmjs.org/ms/-/ms-2.1.3.tgz. Extracting by manifest.
551 silly tarball no local data for debug@https://registry.npmjs.org/debug/-/debug-4.4.3.tgz. Extracting by manifest.
552 http fetch GET 200 https://registry.npmjs.org/yn/-/yn-3.1.1.tgz 1096ms (cache miss)
553 http fetch GET 200 https://registry.npmjs.org/y18n/-/y18n-5.0.8.tgz 1095ms (cache miss)
554 http fetch POST 200 https://registry.npmjs.org/-/npm/v1/security/advisories/bulk 1328ms
555 silly audit report {
555 silly audit report   'js-yaml': [
555 silly audit report     {
555 silly audit report       id: 1121860,
555 silly audit report       url: 'https://github.com/advisories/GHSA-h67p-54hq-rp68',
555 silly audit report       title: 'JS-YAML: Quadratic-complexity DoS in merge key handling via repeated aliases',
555 silly audit report       severity: 'moderate',
555 silly audit report       vulnerable_versions: '>=4.0.0 <=4.1.1',
555 silly audit report       cwe: [Array],
555 silly audit report       cvss: [Object]
555 silly audit report     },
555 silly audit report     {
555 silly audit report       id: 1123911,
555 silly audit report       url: 'https://github.com/advisories/GHSA-52cp-r559-cp3m',
555 silly audit report       title: 'js-yaml: YAML merge-key chains can force quadratic CPU consumption',
555 silly audit report       severity: 'high',
555 silly audit report       vulnerable_versions: '>=4.0.0 <4.3.0',
555 silly audit report       cwe: [Array],
555 silly audit report       cvss: [Object]
555 silly audit report     },
555 silly audit report     {
555 silly audit report       id: 1138114,
555 silly audit report       url: 'https://github.com/advisories/GHSA-5p4m-2wfm-xmqj',
555 silly audit report       title: 'JS-YAML: Quadratic CPU consumption in !!omap resolution (3.x and 4.x) — CVE-2026-59870 fix not backported',
555 silly audit report       severity: 'high',
555 silly audit report       vulnerable_versions: '>=3.0.0 <3.15.1',
555 silly audit report       cwe: [Array],
555 silly audit report       cvss: [Object]
555 silly audit report     },
555 silly audit report     {
555 silly audit report       id: 1138115,
555 silly audit report       url: 'https://github.com/advisories/GHSA-5p4m-2wfm-xmqj',
555 silly audit report       title: 'JS-YAML: Quadratic CPU consumption in !!omap resolution (3.x and 4.x) — CVE-2026-59870 fix not backported',
555 silly audit report       severity: 'high',
555 silly audit report       vulnerable_versions: '>=4.0.0 <4.3.1',
555 silly audit report       cwe: [Array],
555 silly audit report       cvss: [Object]
555 silly audit report     }
555 silly audit report   ],
555 silly audit report   'body-parser': [
555 silly audit report     {
555 silly audit report       id: 1123977,
555 silly audit report       url: 'https://github.com/advisories/GHSA-v422-hmwv-36x6',
555 silly audit report       title: 'body-parser vulnerable to denial of service when invalid limit value silently disables size enforcement',
555 silly audit report       severity: 'low',
555 silly audit report       vulnerable_versions: '<1.20.6',
555 silly audit report       cwe: [Array],
555 silly audit report       cvss: [Object]
555 silly audit report     }
555 silly audit report   ],
555 silly audit report   'brace-expansion': [
555 silly audit report     {
555 silly audit report       id: 1130588,
555 silly audit report       url: 'https://github.com/advisories/GHSA-mh99-v99m-4gvg',
555 silly audit report       title: 'brace-expansion: DoS via unbounded expansion length causing an out-of-memory process crash',
555 silly audit report       severity: 'high',
555 silly audit report       vulnerable_versions: '<1.1.17',
555 silly audit report       cwe: [Array],
555 silly audit report       cvss: [Object]
555 silly audit report     },
555 silly audit report     {
555 silly audit report       id: 1130737,
555 silly audit report       url: 'https://github.com/advisories/GHSA-rgw5-rvv9-x895',
555 silly audit report       title: 'brace-expansion: DoS via unbounded intermediate arrays, bypassing the CVE-2026-14257 mitigation',
555 silly audit report       severity: 'high',
555 silly audit report       vulnerable_versions: '<1.1.18',
555 silly audit report       cwe: [Array],
555 silly audit report       cvss: [Object]
555 silly audit report     },
555 silly audit report     {
555 silly audit report       id: 1115540,
555 silly audit report       url: 'https://github.com/advisories/GHSA-f886-m6hf-6m8v',
555 silly audit report       title: 'brace-expansion: Zero-step sequence causes process hang and memory exhaustion',
555 silly audit report       severity: 'moderate',
555 silly audit report       vulnerable_versions: '<1.1.13',
555 silly audit report       cwe: [Array],
555 silly audit report       cvss: [Object]
555 silly audit report     },
555 silly audit report     {
555 silly audit report       id: 1123897,
555 silly audit report       url: 'https://github.com/advisories/GHSA-3jxr-9vmj-r5cp',
555 silly audit report       title: 'brace-expansion: DoS via exponential-time expansion of consecutive non-expanding {} groups',
555 silly audit report       severity: 'high',
555 silly audit report       vulnerable_versions: '<1.1.16',
555 silly audit report       cwe: [Array],
555 silly audit report       cvss: [Object]
555 silly audit report     }
555 silly audit report   ],
555 silly audit report   browserslist: [
555 silly audit report     {
555 silly audit report       id: 1153171,
555 silly audit report       url: 'https://github.com/advisories/GHSA-c83g-rgw3-j3cx',
555 silly audit report       title: 'Browserslist: Unbounded memory growth (no cache eviction) via distinct query results, leading to eventual OOM',
555 silly audit report       severity: 'high',
555 silly audit report       vulnerable_versions: '<=4.28.6',
555 silly audit report       cwe: [Array],
555 silly audit report       cvss: [Object]
555 silly audit report     },
555 silly audit report     {
555 silly audit report       id: 1153172,
555 silly audit report       url: 'https://github.com/advisories/GHSA-73wf-gq98-2v4g',
555 silly audit report       title: 'Browserslist: Uncaught crash / prototype write via untrusted browserslist-stats.json custom stats (normalizeStats)',
555 silly audit report       severity: 'high',
555 silly audit report       vulnerable_versions: '<=4.28.6',
555 silly audit report       cwe: [Array],
555 silly audit report       cvss: [Object]
555 silly audit report     }
555 silly audit report   ],
555 silly audit report   diff: [
555 silly audit report     {
555 silly audit report       id: 1112704,
555 silly audit report       url: 'https://github.com/advisories/GHSA-73rr-hh4g-fpgx',
555 silly audit report       title: 'jsdiff has a Denial of Service vulnerability in parsePatch and applyPatch',
555 silly audit report       severity: 'low',
555 silly audit report       vulnerable_versions: '>=4.0.0 <4.0.4',
555 silly audit report       cwe: [Array],
555 silly audit report       cvss: [Object]
555 silly audit report     }
555 silly audit report   ],
555 silly audit report   minimatch: [
555 silly audit report     {
555 silly audit report       id: 1113459,
555 silly audit report       url: 'https://github.com/advisories/GHSA-3ppc-4f35-3m26',
555 silly audit report       title: 'minimatch has a ReDoS via repeated wildcards with non-matching literal in pattern',
555 silly audit report       severity: 'high',
555 silly audit report       vulnerable_versions: '<3.1.3',
555 silly audit report       cwe: [Array],
555 silly audit report       cvss: [Object]
555 silly audit report     },
555 silly audit report     {
555 silly audit report       id: 1113538,
555 silly audit report       url: 'https://github.com/advisories/GHSA-7r86-cg39-jmmj',
555 silly audit report       title: 'minimatch has ReDoS: matchOne() combinatorial backtracking via multiple non-adjacent GLOBSTAR segments',
555 silly audit report       severity: 'high',
555 silly audit report       vulnerable_versions: '<3.1.3',
555 silly audit report       cwe: [Array],
555 silly audit report       cvss: [Object]
555 silly audit report     },
555 silly audit report     {
555 silly audit report       id: 1113546,
555 silly audit report       url: 'https://github.com/advisories/GHSA-23c5-xmqv-rm74',
555 silly audit report       title: 'minimatch ReDoS: nested *() extglobs generate catastrophically backtracking regular expressions',
555 silly audit report       severity: 'high',
555 silly audit report       vulnerable_versions: '<3.1.4',
555 silly audit report       cwe: [Array],
555 silly audit report       cvss: [Object]
555 silly audit report     }
555 silly audit report   ],
555 silly audit report   mongoose: [
555 silly audit report     {
555 silly audit report       id: 1118997,
555 silly audit report       url: 'https://github.com/advisories/GHSA-wpg9-53fq-2r8h',
555 silly audit report       title: "Mongoose's Improper Sanitization of $nor in sanitizeFilter May Allow NoSQL Injection",
555 silly audit report       severity: 'high',
555 silly audit report       vulnerable_versions: '>=8.0.0 <=8.22.0',
555 silly audit report       cwe: [Array],
555 silly audit report       cvss: [Object]
555 silly audit report     },
555 silly audit report     {
555 silly audit report       id: 1139504,
555 silly audit report       url: 'https://github.com/advisories/GHSA-664h-wqgq-64gw',
555 silly audit report       title: 'Mongoose: Prototype pollution in mongoose update casting via __proto__-prefixed dotted path (Schema._getSchema/path getter)',
555 silly audit report       severity: 'moderate',
555 silly audit report       vulnerable_versions: '>=8.0.0 <8.24.1',
555 silly audit report       cwe: [Array],
555 silly audit report       cvss: [Object]
555 silly audit report     }
555 silly audit report   ],
555 silly audit report   'path-to-regexp': [
555 silly audit report     {
555 silly audit report       id: 1115527,
555 silly audit report       url: 'https://github.com/advisories/GHSA-37ch-88jc-xwx2',
555 silly audit report       title: 'path-to-regexp vulnerable to Regular Expression Denial of Service via multiple route parameters',
555 silly audit report       severity: 'high',
555 silly audit report       vulnerable_versions: '<0.1.13',
555 silly audit report       cwe: [Array],
555 silly audit report       cvss: [Object]
555 silly audit report     }
555 silly audit report   ],
555 silly audit report   picomatch: [
555 silly audit report     {
555 silly audit report       id: 1115549,
555 silly audit report       url: 'https://github.com/advisories/GHSA-3v7f-55p6-f55p',
555 silly audit report       title: 'Picomatch: Method Injection in POSIX Character Classes causes incorrect Glob Matching',
555 silly audit report       severity: 'moderate',
555 silly audit report       vulnerable_versions: '<2.3.2',
555 silly audit report       cwe: [Array],
555 silly audit report       cvss: [Object]
555 silly audit report     },
555 silly audit report     {
555 silly audit report       id: 1115552,
555 silly audit report       url: 'https://github.com/advisories/GHSA-c2c7-rcm5-vvqj',
555 silly audit report       title: 'Picomatch has a ReDoS vulnerability via extglob quantifiers',
555 silly audit report       severity: 'high',
555 silly audit report       vulnerable_versions: '<2.3.2',
555 silly audit report       cwe: [Array],
555 silly audit report       cvss: [Object]
555 silly audit report     }
555 silly audit report   ],
555 silly audit report   qs: [
555 silly audit report     {
555 silly audit report       id: 1158506,
555 silly audit report       url: 'https://github.com/advisories/GHSA-x5fp-wj9c-mxmx',
555 silly audit report       title: 'qs array-limit bypass via bracket-key comma parsing',
555 silly audit report       severity: 'moderate',
555 silly audit report       vulnerable_versions: '>=6.14.2 <=6.15.3',
555 silly audit report       cwe: [Array],
555 silly audit report       cvss: [Object]
555 silly audit report     },
555 silly audit report     {
555 silly audit report       id: 1158507,
555 silly audit report       url: 'https://github.com/advisories/GHSA-4mjr-xmp4-gh2g',
555 silly audit report       title: 'qs: Denial of Service via Attacker Controlled isBuffer',
555 silly audit report       severity: 'moderate',
555 silly audit report       vulnerable_versions: '>=2.2.5 <6.16.0',
555 silly audit report       cwe: [Array],
555 silly audit report       cvss: [Object]
555 silly audit report     },
555 silly audit report     {
555 silly audit report       id: 1119502,
555 silly audit report       url: 'https://github.com/advisories/GHSA-q8mj-m7cp-5q26',
555 silly audit report       title: 'qs has a remotely triggerable DoS: qs.stringify crashes with TypeError on null/undefined entries in comma-format arrays when encodeValuesOnly is set',
555 silly audit report       severity: 'moderate',
555 silly audit report       vulnerable_versions: '>=6.11.1 <=6.15.1',
555 silly audit report       cwe: [Array],
555 silly audit report       cvss: [Object]
555 silly audit report     },
555 silly audit report     {
555 silly audit report       id: 1113161,
555 silly audit report       url: 'https://github.com/advisories/GHSA-w7fw-mjwx-w883',
555 silly audit report       title: "qs's arrayLimit bypass in comma parsing allows denial of service",
555 silly audit report       severity: 'low',
555 silly audit report       vulnerable_versions: '>=6.7.0 <=6.14.1',
555 silly audit report       cwe: [Array],
555 silly audit report       cvss: [Object]
555 silly audit report     },
555 silly audit report     {
555 silly audit report       id: 1113719,
555 silly audit report       url: 'https://github.com/advisories/GHSA-6rw7-vpxm-498p',
555 silly audit report       title: "qs's arrayLimit bypass in its bracket notation allows DoS via memory exhaustion",
555 silly audit report       severity: 'moderate',
555 silly audit report       vulnerable_versions: '<6.14.1',
555 silly audit report       cwe: [Array],
555 silly audit report       cvss: [Object]
555 silly audit report     }
555 silly audit report   ]
555 silly audit report }
556 silly packumentCache corgi:https://registry.npmjs.org/js-yaml cache-miss
557 silly packumentCache corgi:https://registry.npmjs.org/body-parser cache-miss
558 silly packumentCache corgi:https://registry.npmjs.org/brace-expansion cache-miss
559 silly packumentCache corgi:https://registry.npmjs.org/browserslist cache-miss
560 silly packumentCache corgi:https://registry.npmjs.org/diff cache-miss
561 silly packumentCache corgi:https://registry.npmjs.org/minimatch cache-miss
562 silly packumentCache corgi:https://registry.npmjs.org/mongoose cache-miss
563 silly packumentCache corgi:https://registry.npmjs.org/path-to-regexp cache-miss
564 silly packumentCache corgi:https://registry.npmjs.org/picomatch cache-miss
565 silly packumentCache corgi:https://registry.npmjs.org/qs cache-miss
566 http fetch GET 200 https://registry.npmjs.org/wrappy/-/wrappy-1.0.2.tgz 1110ms (cache miss)
567 http fetch GET 200 https://registry.npmjs.org/yocto-queue/-/yocto-queue-0.1.0.tgz 1115ms (cache miss)
568 http fetch GET 200 https://registry.npmjs.org/yallist/-/yallist-3.1.1.tgz 1117ms (cache miss)
569 http fetch GET 200 https://registry.npmjs.org/walker/-/walker-1.0.8.tgz 1177ms (cache miss)
570 http fetch GET 200 https://registry.npmjs.org/webidl-conversions/-/webidl-conversions-7.0.0.tgz 1188ms (cache miss)
571 http fetch GET 200 https://registry.npmjs.org/utils-merge/-/utils-merge-1.0.1.tgz 1131ms (cache miss)
572 http fetch GET 200 https://registry.npmjs.org/unpipe/-/unpipe-1.0.0.tgz 1135ms (cache miss)
573 http fetch GET 200 https://registry.npmjs.org/vary/-/vary-1.1.2.tgz 1151ms (cache miss)
574 http fetch GET 200 https://registry.npmjs.org/v8-compile-cache-lib/-/v8-compile-cache-lib-3.0.1.tgz 1197ms (cache miss)
575 http fetch GET 200 https://registry.npmjs.org/update-browserslist-db/-/update-browserslist-db-1.2.3.tgz 1217ms (cache miss)
576 http fetch GET 200 https://registry.npmjs.org/wordwrap/-/wordwrap-1.0.0.tgz 1284ms (cache miss)
577 http fetch GET 200 https://registry.npmjs.org/tmpl/-/tmpl-1.0.5.tgz 1226ms (cache miss)
578 http fetch GET 200 https://registry.npmjs.org/touch/-/touch-3.1.1.tgz 1227ms (cache miss)
579 http fetch GET 200 https://registry.npmjs.org/whatwg-url/-/whatwg-url-14.2.0.tgz 1241ms (cache miss)
580 http fetch GET 200 https://registry.npmjs.org/to-regex-range/-/to-regex-range-5.0.1.tgz 1233ms (cache miss)
581 http fetch GET 200 https://registry.npmjs.org/toidentifier/-/toidentifier-1.0.1.tgz 1306ms (cache miss)
582 http fetch GET 200 https://registry.npmjs.org/yargs-parser/-/yargs-parser-21.1.1.tgz 1376ms (cache miss)
583 http fetch GET 200 https://registry.npmjs.org/type-is/-/type-is-1.6.18.tgz 1414ms (cache miss)
584 http fetch GET 200 https://registry.npmjs.org/teex/-/teex-1.0.1.tgz 1410ms (cache miss)
585 http fetch GET 200 https://registry.npmjs.org/strip-final-newline/-/strip-final-newline-2.0.0.tgz 1408ms (cache miss)
586 http fetch GET 200 https://registry.npmjs.org/tar-stream/-/tar-stream-3.2.0.tgz 1419ms (cache miss)
587 http fetch GET 200 https://registry.npmjs.org/swagger-parser/-/swagger-parser-10.0.3.tgz 1418ms (cache miss)
588 http fetch GET 200 https://registry.npmjs.org/supports-color/-/supports-color-5.5.0.tgz 1418ms (cache miss)
589 http fetch GET 200 https://registry.npmjs.org/strip-json-comments/-/strip-json-comments-3.1.1.tgz 1417ms (cache miss)
590 http fetch GET 200 https://registry.npmjs.org/type-detect/-/type-detect-4.0.8.tgz 1430ms (cache miss)
591 http fetch GET 200 https://registry.npmjs.org/text-decoder/-/text-decoder-1.2.7.tgz 1426ms (cache miss)
592 http fetch GET 200 https://registry.npmjs.org/supports-preserve-symlinks-flag/-/supports-preserve-symlinks-flag-1.0.0.tgz 1424ms (cache miss)
593 http fetch GET 200 https://registry.npmjs.org/supertest/-/supertest-7.2.2.tgz 1424ms (cache miss)
594 http fetch GET 200 https://registry.npmjs.org/v8-to-istanbul/-/v8-to-istanbul-9.3.0.tgz 1444ms (cache miss)
595 http fetch GET 200 https://registry.npmjs.org/swagger-ui-express/-/swagger-ui-express-5.0.1.tgz 1439ms (cache miss)
596 http fetch GET 200 https://registry.npmjs.org/test-exclude/-/test-exclude-6.0.0.tgz 1491ms (cache miss)
597 http fetch GET 200 https://registry.npmjs.org/strip-bom/-/strip-bom-4.0.0.tgz 1504ms (cache miss)
598 http fetch GET 200 https://registry.npmjs.org/sparse-bitfield/-/sparse-bitfield-3.0.3.tgz 1502ms (cache miss)
599 http fetch GET 200 https://registry.npmjs.org/strip-ansi/-/strip-ansi-6.0.1.tgz 1515ms (cache miss)
600 http fetch GET 200 https://registry.npmjs.org/string-width/-/string-width-4.2.3.tgz 1515ms (cache miss)
601 http fetch GET 200 https://registry.npmjs.org/sprintf-js/-/sprintf-js-1.0.3.tgz 1522ms (cache miss)
602 http fetch GET 200 https://registry.npmjs.org/statuses/-/statuses-2.0.2.tgz 1522ms (cache miss)
603 http fetch GET 200 https://registry.npmjs.org/stack-utils/-/stack-utils-2.0.6.tgz 1529ms (cache miss)
604 http fetch GET 200 https://registry.npmjs.org/source-map-support/-/source-map-support-0.5.13.tgz 1528ms (cache miss)
605 http fetch GET 200 https://registry.npmjs.org/undefsafe/-/undefsafe-2.0.5.tgz 1535ms (cache miss)
606 http fetch GET 200 https://registry.npmjs.org/which/-/which-2.0.2.tgz 1611ms (cache miss)
607 http fetch GET 200 https://registry.npmjs.org/write-file-atomic/-/write-file-atomic-4.0.2.tgz 1664ms (cache miss)
608 http fetch GET 200 https://registry.npmjs.org/wrap-ansi/-/wrap-ansi-7.0.0.tgz 1662ms (cache miss)
609 http fetch GET 200 https://registry.npmjs.org/side-channel-list/-/side-channel-list-1.0.1.tgz 1606ms (cache miss)
610 http fetch GET 200 https://registry.npmjs.org/side-channel-weakmap/-/side-channel-weakmap-1.0.2.tgz 1607ms (cache miss)
611 http fetch GET 200 https://registry.npmjs.org/side-channel-map/-/side-channel-map-1.0.1.tgz 1606ms (cache miss)
612 http fetch GET 200 https://registry.npmjs.org/slash/-/slash-3.0.0.tgz 1616ms (cache miss)
613 http fetch GET 200 https://registry.npmjs.org/sisteransi/-/sisteransi-1.0.5.tgz 1617ms (cache miss)
614 http fetch GET 200 https://registry.npmjs.org/tr46/-/tr46-5.1.1.tgz 1633ms (cache miss)
615 http fetch GET 200 https://registry.npmjs.org/simple-update-notifier/-/simple-update-notifier-2.0.0.tgz 1620ms (cache miss)
616 http fetch GET 200 https://registry.npmjs.org/shebang-command/-/shebang-command-2.0.0.tgz 1614ms (cache miss)
617 http fetch GET 200 https://registry.npmjs.org/signal-exit/-/signal-exit-3.0.7.tgz 1633ms (cache miss)
618 http fetch GET 200 https://registry.npmjs.org/shebang-regex/-/shebang-regex-3.0.0.tgz 1631ms (cache miss)
619 http fetch GET 200 https://registry.npmjs.org/setprototypeof/-/setprototypeof-1.2.0.tgz 1676ms (cache miss)
620 http fetch GET 200 https://registry.npmjs.org/send/-/send-0.19.1.tgz 1675ms (cache miss)
621 http fetch GET 200 https://registry.npmjs.org/string-length/-/string-length-4.0.2.tgz 1676ms (cache miss)
622 http fetch GET 200 https://registry.npmjs.org/serve-static/-/serve-static-1.16.2.tgz 1695ms (cache miss)
623 http fetch GET 200 https://registry.npmjs.org/tslib/-/tslib-2.8.1.tgz 1725ms (cache miss)
624 http fetch GET 200 https://registry.npmjs.org/side-channel/-/side-channel-1.1.1.tgz 1797ms (cache miss)
625 http fetch GET 200 https://registry.npmjs.org/resolve.exports/-/resolve.exports-2.0.3.tgz 1794ms (cache miss)
626 http fetch GET 200 https://registry.npmjs.org/safe-buffer/-/safe-buffer-5.2.1.tgz 1795ms (cache miss)
627 http fetch GET 200 https://registry.npmjs.org/streamx/-/streamx-2.28.0.tgz 1812ms (cache miss)
628 http fetch GET 200 https://registry.npmjs.org/range-parser/-/range-parser-1.2.1.tgz 1808ms (cache miss)
629 http fetch GET 200 https://registry.npmjs.org/pstree.remy/-/pstree.remy-1.1.8.tgz 1809ms (cache miss)
630 http fetch GET 200 https://registry.npmjs.org/safer-buffer/-/safer-buffer-2.1.2.tgz 1820ms (cache miss)
631 http fetch GET 200 https://registry.npmjs.org/resolve-from/-/resolve-from-5.0.0.tgz 1818ms (cache miss)
632 http fetch GET 200 https://registry.npmjs.org/resolve-cwd/-/resolve-cwd-3.0.0.tgz 1818ms (cache miss)
633 http fetch GET 200 https://registry.npmjs.org/require-directory/-/require-directory-2.1.1.tgz 1817ms (cache miss)
634 http fetch GET 200 https://registry.npmjs.org/proxy-addr/-/proxy-addr-2.0.7.tgz 1871ms (cache miss)
635 http fetch GET 200 https://registry.npmjs.org/pend/-/pend-1.2.0.tgz 1870ms (cache miss)
636 http fetch GET 200 https://registry.npmjs.org/path-key/-/path-key-3.1.1.tgz 1892ms (cache miss)
637 http fetch GET 200 https://registry.npmjs.org/pkg-dir/-/pkg-dir-4.2.0.tgz 1982ms (cache miss)
638 http fetch GET 200 https://registry.npmjs.org/path-parse/-/path-parse-1.0.7.tgz 1978ms (cache miss)
639 http fetch GET 200 https://registry.npmjs.org/picocolors/-/picocolors-1.1.1.tgz 1978ms (cache miss)
640 http fetch GET 200 https://registry.npmjs.org/path-to-regexp/-/path-to-regexp-0.1.12.tgz 1994ms (cache miss)
641 http fetch GET 200 https://registry.npmjs.org/pirates/-/pirates-4.0.7.tgz 2002ms (cache miss)
642 http fetch GET 200 https://registry.npmjs.org/react-is/-/react-is-18.3.1.tgz 2068ms (cache miss)
643 http fetch GET 200 https://registry.npmjs.org/p-limit/-/p-limit-3.1.0.tgz 2060ms (cache miss)
644 http fetch GET 200 https://registry.npmjs.org/parse-json/-/parse-json-5.2.0.tgz 2062ms (cache miss)
645 http fetch GET 200 https://registry.npmjs.org/node-releases/-/node-releases-2.0.51.tgz 2061ms (cache miss)
646 http fetch GET 200 https://registry.npmjs.org/punycode/-/punycode-2.3.1.tgz 2099ms (cache miss)
647 http fetch GET 200 https://registry.npmjs.org/readdirp/-/readdirp-3.6.0.tgz 2101ms (cache miss)
648 http fetch GET 200 https://registry.npmjs.org/path-is-absolute/-/path-is-absolute-1.0.1.tgz 2094ms (cache miss)
649 http fetch GET 200 https://registry.npmjs.org/once/-/once-1.4.0.tgz 2087ms (cache miss)
650 http fetch GET 200 https://registry.npmjs.org/openapi-types/-/openapi-types-12.1.3.tgz 2088ms (cache miss)
651 http fetch GET 200 https://registry.npmjs.org/normalize-path/-/normalize-path-3.0.0.tgz 2087ms (cache miss)
652 http fetch GET 200 https://registry.npmjs.org/raw-body/-/raw-body-2.5.3.tgz 2110ms (cache miss)
653 http fetch GET 200 https://registry.npmjs.org/parseurl/-/parseurl-1.3.3.tgz 2102ms (cache miss)
654 http fetch GET 200 https://registry.npmjs.org/p-locate/-/p-locate-4.1.0.tgz 2101ms (cache miss)
655 http fetch GET 200 https://registry.npmjs.org/p-try/-/p-try-2.2.0.tgz 2112ms (cache miss)
656 http fetch GET 200 https://registry.npmjs.org/path-exists/-/path-exists-4.0.0.tgz 2112ms (cache miss)
657 http fetch GET 200 https://registry.npmjs.org/object-assign/-/object-assign-4.1.1.tgz 2105ms (cache miss)
658 http fetch GET 200 https://registry.npmjs.org/npm-run-path/-/npm-run-path-4.0.1.tgz 2105ms (cache miss)
659 http fetch GET 200 https://registry.npmjs.org/yauzl/-/yauzl-3.4.0.tgz 2267ms (cache miss)
660 http fetch GET 200 https://registry.npmjs.org/node-int64/-/node-int64-0.4.0.tgz 2175ms (cache miss)
661 http fetch GET 200 https://registry.npmjs.org/onetime/-/onetime-5.1.2.tgz 2192ms (cache miss)
662 http fetch GET 200 https://registry.npmjs.org/ms/-/ms-2.0.0.tgz 2185ms (cache miss)
663 http fetch GET 200 https://registry.npmjs.org/mongodb-memory-server/-/mongodb-memory-server-10.4.3.tgz 2178ms (cache miss)
664 http fetch GET 200 https://registry.npmjs.org/new-find-package-json/-/new-find-package-json-2.0.0.tgz 2186ms (cache miss)
665 http fetch GET 200 https://registry.npmjs.org/pretty-format/-/pretty-format-29.7.0.tgz 2210ms (cache miss)
666 http fetch GET 200 https://registry.npmjs.org/negotiator/-/negotiator-0.6.3.tgz 2255ms (cache miss)
667 http fetch GET 200 https://registry.npmjs.org/mime-types/-/mime-types-2.1.35.tgz 2203ms (cache miss)
668 http fetch GET 200 https://registry.npmjs.org/mongodb-connection-string-url/-/mongodb-connection-string-url-3.0.2.tgz 2264ms (cache miss)
669 http fetch GET 200 https://registry.npmjs.org/mimic-fn/-/mimic-fn-2.1.0.tgz 2263ms (cache miss)
670 http fetch GET 200 https://registry.npmjs.org/on-finished/-/on-finished-2.4.1.tgz 2285ms (cache miss)
671 http fetch GET 200 https://registry.npmjs.org/methods/-/methods-1.1.2.tgz 2228ms (cache miss)
672 http fetch GET 200 https://registry.npmjs.org/micromatch/-/micromatch-4.0.8.tgz 2230ms (cache miss)
673 http fetch GET 200 https://registry.npmjs.org/mpath/-/mpath-0.9.0.tgz 2358ms (cache miss)
674 http fetch GET 200 https://registry.npmjs.org/natural-compare/-/natural-compare-1.4.0.tgz 2306ms (cache miss)
675 http fetch GET 200 https://registry.npmjs.org/memory-pager/-/memory-pager-1.5.0.tgz 2303ms (cache miss)
676 http fetch GET 200 https://registry.npmjs.org/lodash.once/-/lodash.once-4.1.1.tgz 2303ms (cache miss)
677 http fetch GET 200 https://registry.npmjs.org/lodash.includes/-/lodash.includes-4.3.0.tgz 2300ms (cache miss)
678 http fetch GET 200 https://registry.npmjs.org/merge-descriptors/-/merge-descriptors-1.0.3.tgz 2320ms (cache miss)
679 http fetch GET 200 https://registry.npmjs.org/makeerror/-/makeerror-1.0.12.tgz 2318ms (cache miss)
680 http fetch GET 200 https://registry.npmjs.org/make-error/-/make-error-1.3.6.tgz 2319ms (cache miss)
681 http fetch GET 200 https://registry.npmjs.org/lru-cache/-/lru-cache-5.1.1.tgz 2333ms (cache miss)
682 http fetch GET 200 https://registry.npmjs.org/merge-stream/-/merge-stream-2.0.0.tgz 2335ms (cache miss)
683 http fetch GET 200 https://registry.npmjs.org/lodash.isplainobject/-/lodash.isplainobject-4.0.6.tgz 2332ms (cache miss)
684 http fetch GET 200 https://registry.npmjs.org/picomatch/-/picomatch-2.3.1.tgz 2458ms (cache miss)
685 http fetch GET 200 https://registry.npmjs.org/mime/-/mime-1.6.0.tgz 2394ms (cache miss)
686 http fetch GET 200 https://registry.npmjs.org/lodash.isequal/-/lodash.isequal-4.5.0.tgz 2391ms (cache miss)
687 warn deprecated lodash.isequal@4.5.0: This package is deprecated. Use require('node:util').isDeepStrictEqual instead.
688 http fetch GET 200 https://registry.npmjs.org/make-dir/-/make-dir-4.0.0.tgz 2494ms (cache miss)
689 http fetch GET 200 https://registry.npmjs.org/lodash.isstring/-/lodash.isstring-4.0.1.tgz 2494ms (cache miss)
690 http fetch GET 200 https://registry.npmjs.org/lodash.mergewith/-/lodash.mergewith-4.6.2.tgz 2494ms (cache miss)
691 http fetch GET 200 https://registry.npmjs.org/lodash.memoize/-/lodash.memoize-4.1.2.tgz 2494ms (cache miss)
692 http fetch GET 200 https://registry.npmjs.org/lodash.isnumber/-/lodash.isnumber-3.0.3.tgz 2493ms (cache miss)
693 http fetch GET 200 https://registry.npmjs.org/lodash.isboolean/-/lodash.isboolean-3.0.3.tgz 2493ms (cache miss)
694 http fetch GET 200 https://registry.npmjs.org/lodash.get/-/lodash.get-4.4.2.tgz 2492ms (cache miss)
695 warn deprecated lodash.get@4.4.2: This package is deprecated. Use the optional chaining (?.) operator instead.
696 http fetch GET 200 https://registry.npmjs.org/undici-types/-/undici-types-7.16.0.tgz 2620ms (cache miss)
697 http fetch GET 200 https://registry.npmjs.org/mquery/-/mquery-5.0.0.tgz 2576ms (cache miss)
698 http fetch GET 200 https://registry.npmjs.org/minimatch/-/minimatch-3.1.2.tgz 2566ms (cache miss)
699 http fetch GET 200 https://registry.npmjs.org/lodash.isinteger/-/lodash.isinteger-4.0.4.tgz 2517ms (cache miss)
700 http fetch GET 200 https://registry.npmjs.org/jwa/-/jwa-2.0.1.tgz 2511ms (cache miss)
701 http fetch GET 200 https://registry.npmjs.org/leven/-/leven-3.1.0.tgz 2512ms (cache miss)
702 http fetch GET 200 https://registry.npmjs.org/jsonwebtoken/-/jsonwebtoken-9.0.3.tgz 2508ms (cache miss)
703 http fetch GET 200 https://registry.npmjs.org/kareem/-/kareem-2.6.3.tgz 2512ms (cache miss)
704 http fetch GET 200 https://registry.npmjs.org/lines-and-columns/-/lines-and-columns-1.2.4.tgz 2514ms (cache miss)
705 http fetch GET 200 https://registry.npmjs.org/jsesc/-/jsesc-3.1.0.tgz 2508ms (cache miss)
706 http fetch GET 200 https://registry.npmjs.org/kleur/-/kleur-3.0.3.tgz 2584ms (cache miss)
707 http fetch GET 200 https://registry.npmjs.org/locate-path/-/locate-path-5.0.0.tgz 2587ms (cache miss)
708 http fetch GET 200 https://registry.npmjs.org/jws/-/jws-4.0.1.tgz 2593ms (cache miss)
709 http fetch GET 200 https://registry.npmjs.org/js-tokens/-/js-tokens-4.0.0.tgz 2592ms (cache miss)
710 http fetch GET 200 https://registry.npmjs.org/jest-runtime/-/jest-runtime-29.7.0.tgz 2591ms (cache miss)
711 http fetch GET 200 https://registry.npmjs.org/jest-message-util/-/jest-message-util-29.7.0.tgz 2617ms (cache miss)
712 http fetch GET 200 https://registry.npmjs.org/type-fest/-/type-fest-0.21.3.tgz 2741ms (cache miss)
713 http fetch GET 200 https://registry.npmjs.org/media-typer/-/media-typer-0.3.0.tgz 2692ms (cache miss)
714 http fetch GET 200 https://registry.npmjs.org/jest-util/-/jest-util-29.7.0.tgz 2685ms (cache miss)
715 http fetch GET 200 https://registry.npmjs.org/jest-watcher/-/jest-watcher-29.7.0.tgz 2687ms (cache miss)
716 http fetch GET 200 https://registry.npmjs.org/jest-pnp-resolver/-/jest-pnp-resolver-1.2.3.tgz 2704ms (cache miss)
717 http fetch GET 200 https://registry.npmjs.org/jest-resolve-dependencies/-/jest-resolve-dependencies-29.7.0.tgz 2706ms (cache miss)
718 http fetch GET 200 https://registry.npmjs.org/jest-mock/-/jest-mock-29.7.0.tgz 2704ms (cache miss)
719 http fetch GET 200 https://registry.npmjs.org/jest-regex-util/-/jest-regex-util-29.6.3.tgz 2704ms (cache miss)
720 http fetch GET 200 https://registry.npmjs.org/jest-environment-node/-/jest-environment-node-29.7.0.tgz 2702ms (cache miss)
721 http fetch GET 200 https://registry.npmjs.org/jest-runner/-/jest-runner-29.7.0.tgz 2720ms (cache miss)
722 http fetch GET 200 https://registry.npmjs.org/json-parse-even-better-errors/-/json-parse-even-better-errors-2.3.1.tgz 2718ms (cache miss)
723 http fetch GET 200 https://registry.npmjs.org/jest-changed-files/-/jest-changed-files-29.7.0.tgz 2714ms (cache miss)
724 http fetch GET 200 https://registry.npmjs.org/jest-resolve/-/jest-resolve-29.7.0.tgz 2781ms (cache miss)
725 http fetch GET 200 https://registry.npmjs.org/jest-validate/-/jest-validate-29.7.0.tgz 2783ms (cache miss)
726 http fetch GET 200 https://registry.npmjs.org/jest-each/-/jest-each-29.7.0.tgz 2778ms (cache miss)
727 http fetch GET 200 https://registry.npmjs.org/jest-get-type/-/jest-get-type-29.6.3.tgz 2779ms (cache miss)
728 http fetch GET 200 https://registry.npmjs.org/jest/-/jest-29.7.0.tgz 2777ms (cache miss)
729 http fetch GET 200 https://registry.npmjs.org/istanbul-lib-coverage/-/istanbul-lib-coverage-3.2.2.tgz 2773ms (cache miss)
730 http fetch GET 200 https://registry.npmjs.org/jest-cli/-/jest-cli-29.7.0.tgz 2794ms (cache miss)
731 http fetch GET 200 https://registry.npmjs.org/is-number/-/is-number-7.0.0.tgz 2791ms (cache miss)
732 http fetch GET 200 https://registry.npmjs.org/sift/-/sift-17.1.3.tgz 2908ms (cache miss)
733 http fetch GET 200 https://registry.npmjs.org/jest-snapshot/-/jest-snapshot-29.7.0.tgz 2812ms (cache miss)
734 http fetch GET 200 https://registry.npmjs.org/jest-matcher-utils/-/jest-matcher-utils-29.7.0.tgz 2809ms (cache miss)
735 http fetch GET 200 https://registry.npmjs.org/jest-docblock/-/jest-docblock-29.7.0.tgz 2807ms (cache miss)
736 http fetch GET 200 https://registry.npmjs.org/isexe/-/isexe-2.0.0.tgz 2802ms (cache miss)
737 http fetch GET 200 https://registry.npmjs.org/is-fullwidth-code-point/-/is-fullwidth-code-point-3.0.0.tgz 2800ms (cache miss)
738 http fetch GET 200 https://registry.npmjs.org/is-stream/-/is-stream-2.0.1.tgz 2802ms (cache miss)
739 http fetch GET 200 https://registry.npmjs.org/is-glob/-/is-glob-4.0.3.tgz 2802ms (cache miss)
740 http fetch GET 200 https://registry.npmjs.org/imurmurhash/-/imurmurhash-0.1.4.tgz 2799ms (cache miss)
741 http fetch GET 200 https://registry.npmjs.org/mime-db/-/mime-db-1.52.0.tgz 2904ms (cache miss)
742 http fetch GET 200 https://registry.npmjs.org/istanbul-lib-instrument/-/istanbul-lib-instrument-6.0.3.tgz 2879ms (cache miss)
743 http fetch GET 200 https://registry.npmjs.org/is-binary-path/-/is-binary-path-2.1.0.tgz 2877ms (cache miss)
744 http fetch GET 200 https://registry.npmjs.org/is-arrayish/-/is-arrayish-0.2.1.tgz 2877ms (cache miss)
745 http fetch GET 200 https://registry.npmjs.org/istanbul-lib-source-maps/-/istanbul-lib-source-maps-4.0.1.tgz 2904ms (cache miss)
746 http fetch GET 200 https://registry.npmjs.org/is-extglob/-/is-extglob-2.1.1.tgz 2900ms (cache miss)
747 http fetch GET 200 https://registry.npmjs.org/semver/-/semver-7.7.3.tgz 3181ms (cache miss)
748 http fetch GET 200 https://registry.npmjs.org/yaml/-/yaml-2.0.0-1.tgz 3267ms (cache miss)
749 http fetch GET 200 https://registry.npmjs.org/inherits/-/inherits-2.0.4.tgz 3076ms (cache miss)
750 http fetch GET 200 https://registry.npmjs.org/is-generator-fn/-/is-generator-fn-2.1.0.tgz 3079ms (cache miss)
751 http fetch GET 200 https://registry.npmjs.org/is-core-module/-/is-core-module-2.16.2.tgz 3079ms (cache miss)
752 http fetch GET 200 https://registry.npmjs.org/hasown/-/hasown-2.0.4.tgz 3072ms (cache miss)
753 http fetch GET 200 https://registry.npmjs.org/inflight/-/inflight-1.0.6.tgz 3077ms (cache miss)
754 warn deprecated inflight@1.0.6: This module is not supported, and leaks memory. Do not use it. Check out lru-cache if you want a good and tested way to coalesce async requests by a key value, which is much more comprehensive and powerful.
755 http fetch GET 200 https://registry.npmjs.org/gopd/-/gopd-1.2.0.tgz 3072ms (cache miss)
756 http fetch GET 200 https://registry.npmjs.org/jest-diff/-/jest-diff-29.7.0.tgz 3100ms (cache miss)
757 http fetch GET 200 https://registry.npmjs.org/istanbul-lib-report/-/istanbul-lib-report-3.0.1.tgz 3097ms (cache miss)
758 http fetch GET 200 https://registry.npmjs.org/ipaddr.js/-/ipaddr.js-1.9.1.tgz 3093ms (cache miss)
759 http fetch GET 200 https://registry.npmjs.org/ignore-by-default/-/ignore-by-default-1.0.1.tgz 3090ms (cache miss)
760 http fetch GET 200 https://registry.npmjs.org/import-local/-/import-local-3.2.0.tgz 3090ms (cache miss)
761 http fetch GET 200 https://registry.npmjs.org/graceful-fs/-/graceful-fs-4.2.11.tgz 3086ms (cache miss)
762 http fetch GET 200 https://registry.npmjs.org/object-inspect/-/object-inspect-1.13.4.tgz 3190ms (cache miss)
763 http fetch GET 200 https://registry.npmjs.org/http-errors/-/http-errors-2.0.1.tgz 3099ms (cache miss)
764 http fetch GET 200 https://registry.npmjs.org/human-signals/-/human-signals-2.1.0.tgz 3099ms (cache miss)
765 http fetch GET 200 https://registry.npmjs.org/has-tostringtag/-/has-tostringtag-1.0.2.tgz 3099ms (cache miss)
766 http fetch GET 200 https://registry.npmjs.org/https-proxy-agent/-/https-proxy-agent-7.0.6.tgz 3100ms (cache miss)
767 http fetch GET 200 https://registry.npmjs.org/jest-leak-detector/-/jest-leak-detector-29.7.0.tgz 3099ms (cache miss)
768 http fetch GET 200 https://registry.npmjs.org/has-symbols/-/has-symbols-1.1.0.tgz 3098ms (cache miss)
769 http fetch GET 200 https://registry.npmjs.org/has-flag/-/has-flag-3.0.0.tgz 3098ms (cache miss)
770 http fetch GET 200 https://registry.npmjs.org/get-stream/-/get-stream-6.0.1.tgz 3158ms (cache miss)
771 http fetch GET 200 https://registry.npmjs.org/html-escaper/-/html-escaper-2.0.2.tgz 3184ms (cache miss)
772 http fetch GET 200 https://registry.npmjs.org/glob-parent/-/glob-parent-5.1.2.tgz 3181ms (cache miss)
773 http fetch GET 200 https://registry.npmjs.org/get-package-type/-/get-package-type-0.1.0.tgz 3181ms (cache miss)
774 http fetch GET 200 https://registry.npmjs.org/jest-circus/-/jest-circus-29.7.0.tgz 3209ms (cache miss)
775 http fetch GET 200 https://registry.npmjs.org/get-proto/-/get-proto-1.0.1.tgz 3194ms (cache miss)
776 http fetch GET 200 https://registry.npmjs.org/function-bind/-/function-bind-1.1.2.tgz 3194ms (cache miss)
777 http fetch GET 200 https://registry.npmjs.org/fs.realpath/-/fs.realpath-1.0.0.tgz 3193ms (cache miss)
778 http fetch GET 200 https://registry.npmjs.org/get-caller-file/-/get-caller-file-2.0.5.tgz 3194ms (cache miss)
779 http fetch GET 200 https://registry.npmjs.org/forwarded/-/forwarded-0.2.0.tgz 3192ms (cache miss)
780 http fetch GET 200 https://registry.npmjs.org/form-data/-/form-data-4.0.6.tgz 3192ms (cache miss)
781 http fetch GET 200 https://registry.npmjs.org/glob/-/glob-7.1.6.tgz 3257ms (cache miss)
782 warn deprecated glob@7.1.6: Glob versions prior to v9 are no longer supported
783 http fetch GET 200 https://registry.npmjs.org/fresh/-/fresh-0.5.2.tgz 3256ms (cache miss)
784 http fetch GET 200 https://registry.npmjs.org/fast-json-stable-stringify/-/fast-json-stable-stringify-2.1.0.tgz 3252ms (cache miss)
785 http fetch GET 200 https://registry.npmjs.org/find-cache-dir/-/find-cache-dir-3.3.2.tgz 3255ms (cache miss)
786 http fetch GET 200 https://registry.npmjs.org/math-intrinsics/-/math-intrinsics-1.1.0.tgz 3304ms (cache miss)
787 http fetch GET 200 https://registry.npmjs.org/etag/-/etag-1.8.1.tgz 3261ms (cache miss)
788 http fetch GET 200 https://registry.npmjs.org/jest-worker/-/jest-worker-29.7.0.tgz 3314ms (cache miss)
789 http fetch GET 200 https://registry.npmjs.org/get-intrinsic/-/get-intrinsic-1.3.0.tgz 3292ms (cache miss)
790 http fetch GET 200 https://registry.npmjs.org/follow-redirects/-/follow-redirects-1.16.0.tgz 3290ms (cache miss)
791 http fetch GET 200 https://registry.npmjs.org/gensync/-/gensync-1.0.0-beta.2.tgz 3291ms (cache miss)
792 http fetch GET 200 https://registry.npmjs.org/find-up/-/find-up-4.1.0.tgz 3288ms (cache miss)
793 http fetch GET 200 https://registry.npmjs.org/finalhandler/-/finalhandler-1.3.2.tgz 3288ms (cache miss)
794 http fetch GET 200 https://registry.npmjs.org/fb-watchman/-/fb-watchman-2.0.2.tgz 3288ms (cache miss)
795 http fetch GET 200 https://registry.npmjs.org/fill-range/-/fill-range-7.1.1.tgz 3290ms (cache miss)
796 http fetch GET 200 https://registry.npmjs.org/fast-safe-stringify/-/fast-safe-stringify-2.1.1.tgz 3289ms (cache miss)
797 http fetch GET 200 https://registry.npmjs.org/exit/-/exit-0.1.2.tgz 3350ms (cache miss)
798 http fetch GET 200 https://registry.npmjs.org/minimist/-/minimist-1.2.8.tgz 3455ms (cache miss)
799 http fetch GET 200 https://registry.npmjs.org/esutils/-/esutils-2.0.3.tgz 3363ms (cache miss)
800 http fetch GET 200 https://registry.npmjs.org/fast-fifo/-/fast-fifo-1.3.2.tgz 3381ms (cache miss)
801 http fetch GET 200 https://registry.npmjs.org/escape-html/-/escape-html-1.0.3.tgz 3379ms (cache miss)
802 http fetch GET 200 https://registry.npmjs.org/events-universal/-/events-universal-1.0.1.tgz 3380ms (cache miss)
803 http fetch GET 200 https://registry.npmjs.org/es-set-tostringtag/-/es-set-tostringtag-2.1.0.tgz 3379ms (cache miss)
804 http fetch GET 200 https://registry.npmjs.org/es-object-atoms/-/es-object-atoms-1.1.1.tgz 3378ms (cache miss)
805 http fetch GET 200 https://registry.npmjs.org/es-define-property/-/es-define-property-1.0.1.tgz 3378ms (cache miss)
806 http fetch GET 200 https://registry.npmjs.org/emoji-regex/-/emoji-regex-8.0.0.tgz 3377ms (cache miss)
807 http fetch GET 200 https://registry.npmjs.org/jest-config/-/jest-config-29.7.0.tgz 3420ms (cache miss)
808 http fetch GET 200 https://registry.npmjs.org/execa/-/execa-5.1.1.tgz 3398ms (cache miss)
809 http fetch GET 200 https://registry.npmjs.org/encodeurl/-/encodeurl-2.0.0.tgz 3392ms (cache miss)
810 http fetch GET 200 https://registry.npmjs.org/dezalgo/-/dezalgo-1.0.4.tgz 3346ms (cache miss)
811 http fetch GET 200 https://registry.npmjs.org/es-errors/-/es-errors-1.3.0.tgz 3394ms (cache miss)
812 http fetch GET 200 https://registry.npmjs.org/escape-string-regexp/-/escape-string-regexp-2.0.0.tgz 3445ms (cache miss)
813 http fetch GET 200 https://registry.npmjs.org/emittery/-/emittery-0.13.1.tgz 3443ms (cache miss)
814 http fetch GET 200 https://registry.npmjs.org/yargs/-/yargs-17.7.3.tgz 3669ms (cache miss)
815 http fetch GET 200 https://registry.npmjs.org/json5/-/json5-2.2.3.tgz 3496ms (cache miss)
816 http fetch GET 200 https://registry.npmjs.org/destroy/-/destroy-1.2.0.tgz 3408ms (cache miss)
817 http fetch GET 200 https://registry.npmjs.org/diff-sequences/-/diff-sequences-29.6.3.tgz 3410ms (cache miss)
818 http fetch GET 200 https://registry.npmjs.org/dunder-proto/-/dunder-proto-1.0.1.tgz 3456ms (cache miss)
819 http fetch GET 200 https://registry.npmjs.org/detect-newline/-/detect-newline-3.1.0.tgz 3409ms (cache miss)
820 http fetch GET 200 https://registry.npmjs.org/error-ex/-/error-ex-1.3.4.tgz 3458ms (cache miss)
821 http fetch GET 200 https://registry.npmjs.org/cross-spawn/-/cross-spawn-7.0.6.tgz 3403ms (cache miss)
822 http fetch GET 200 https://registry.npmjs.org/delayed-stream/-/delayed-stream-1.0.0.tgz 3405ms (cache miss)
823 http fetch GET 200 https://registry.npmjs.org/depd/-/depd-2.0.0.tgz 3408ms (cache miss)
824 http fetch GET 200 https://registry.npmjs.org/ee-first/-/ee-first-1.1.1.tgz 3404ms (cache miss)
825 http fetch GET 200 https://registry.npmjs.org/ecdsa-sig-formatter/-/ecdsa-sig-formatter-1.0.11.tgz 3473ms (cache miss)
826 http fetch GET 200 https://registry.npmjs.org/cookiejar/-/cookiejar-2.1.4.tgz 3418ms (cache miss)
827 http fetch GET 200 https://registry.npmjs.org/convert-source-map/-/convert-source-map-2.0.0.tgz 3417ms (cache miss)
828 http fetch GET 200 https://registry.npmjs.org/escalade/-/escalade-3.2.0.tgz 3487ms (cache miss)
829 http fetch GET 200 https://registry.npmjs.org/dedent/-/dedent-1.7.2.tgz 3488ms (cache miss)
830 http fetch GET 200 https://registry.npmjs.org/cors/-/cors-2.8.5.tgz 3487ms (cache miss)
831 http fetch GET 200 https://registry.npmjs.org/create-jest/-/create-jest-29.7.0.tgz 3488ms (cache miss)
832 http fetch GET 200 https://registry.npmjs.org/create-require/-/create-require-1.1.1.tgz 3488ms (cache miss)
833 http fetch GET 200 https://registry.npmjs.org/content-type/-/content-type-1.0.5.tgz 3509ms (cache miss)
834 http fetch GET 200 https://registry.npmjs.org/cookie-signature/-/cookie-signature-1.0.7.tgz 3510ms (cache miss)
835 http fetch GET 200 https://registry.npmjs.org/concat-map/-/concat-map-0.0.1.tgz 3509ms (cache miss)
836 http fetch GET 200 https://registry.npmjs.org/jest-haste-map/-/jest-haste-map-29.7.0.tgz 3679ms (cache miss)
837 http fetch GET 200 https://registry.npmjs.org/doctrine/-/doctrine-3.0.0.tgz 3603ms (cache miss)
838 http fetch GET 200 https://registry.npmjs.org/deepmerge/-/deepmerge-4.3.1.tgz 3594ms (cache miss)
839 http fetch GET 200 https://registry.npmjs.org/cookie/-/cookie-0.7.2.tgz 3592ms (cache miss)
840 http fetch GET 200 https://registry.npmjs.org/component-emitter/-/component-emitter-1.3.1.tgz 3590ms (cache miss)
841 http fetch GET 200 https://registry.npmjs.org/co/-/co-4.6.0.tgz 3590ms (cache miss)
842 http fetch GET 200 https://registry.npmjs.org/commondir/-/commondir-1.0.1.tgz 3592ms (cache miss)
843 http fetch GET 200 https://registry.npmjs.org/dotenv/-/dotenv-16.6.1.tgz 3617ms (cache miss)
844 http fetch GET 200 https://registry.npmjs.org/color-convert/-/color-convert-2.0.1.tgz 3602ms (cache miss)
845 http fetch GET 200 https://registry.npmjs.org/collect-v8-coverage/-/collect-v8-coverage-1.0.3.tgz 3613ms (cache miss)
846 http fetch GET 200 https://registry.npmjs.org/content-disposition/-/content-disposition-0.5.4.tgz 3614ms (cache miss)
847 http fetch GET 200 https://registry.npmjs.org/char-regex/-/char-regex-1.0.2.tgz 3620ms (cache miss)
848 http fetch GET 200 https://registry.npmjs.org/ci-info/-/ci-info-3.9.0.tgz 3619ms (cache miss)
849 http fetch GET 200 https://registry.npmjs.org/color-name/-/color-name-1.1.4.tgz 3622ms (cache miss)
850 http fetch GET 200 https://registry.npmjs.org/expect/-/expect-29.7.0.tgz 3695ms (cache miss)
851 http fetch GET 200 https://registry.npmjs.org/electron-to-chromium/-/electron-to-chromium-1.5.392.tgz 3688ms (cache miss)
852 http fetch GET 200 https://registry.npmjs.org/commander/-/commander-6.2.0.tgz 3632ms (cache miss)
853 http fetch GET 200 https://registry.npmjs.org/cliui/-/cliui-8.0.1.tgz 3630ms (cache miss)
854 http fetch GET 200 https://registry.npmjs.org/cjs-module-lexer/-/cjs-module-lexer-1.4.3.tgz 3626ms (cache miss)
855 http fetch GET 200 https://registry.npmjs.org/chokidar/-/chokidar-3.6.0.tgz 3629ms (cache miss)
856 http fetch GET 200 https://registry.npmjs.org/chalk/-/chalk-4.1.2.tgz 3626ms (cache miss)
857 http fetch GET 200 https://registry.npmjs.org/camelcase/-/camelcase-5.3.1.tgz 3625ms (cache miss)
858 http fetch GET 200 https://registry.npmjs.org/call-bind-apply-helpers/-/call-bind-apply-helpers-1.0.2.tgz 3622ms (cache miss)
859 http fetch GET 200 https://registry.npmjs.org/call-bound/-/call-bound-1.0.4.tgz 3679ms (cache miss)
860 http fetch GET 200 https://registry.npmjs.org/brace-expansion/-/brace-expansion-1.1.12.tgz 3675ms (cache miss)
861 http fetch GET 200 https://registry.npmjs.org/qs/-/qs-6.14.0.tgz 3883ms (cache miss)
862 http fetch GET 200 https://registry.npmjs.org/debug/-/debug-2.6.9.tgz 3707ms (cache miss)
863 http fetch GET 200 https://registry.npmjs.org/bytes/-/bytes-3.1.2.tgz 3695ms (cache miss)
864 http fetch GET 200 https://registry.npmjs.org/buffer-from/-/buffer-from-1.1.2.tgz 3693ms (cache miss)
865 http fetch GET 200 https://registry.npmjs.org/bser/-/bser-2.1.1.tgz 3694ms (cache miss)
866 http fetch GET 200 https://registry.npmjs.org/combined-stream/-/combined-stream-1.0.8.tgz 3704ms (cache miss)
867 http fetch GET 200 https://registry.npmjs.org/buffer-equal-constant-time/-/buffer-equal-constant-time-1.0.1.tgz 3695ms (cache miss)
868 http fetch GET 200 https://registry.npmjs.org/callsites/-/callsites-3.1.0.tgz 3705ms (cache miss)
869 http fetch GET 200 https://registry.npmjs.org/braces/-/braces-3.0.3.tgz 3701ms (cache miss)
870 http fetch GET 200 https://registry.npmjs.org/call-me-maybe/-/call-me-maybe-1.0.2.tgz 3700ms (cache miss)
871 http fetch GET 200 https://registry.npmjs.org/balanced-match/-/balanced-match-1.0.2.tgz 3698ms (cache miss)
872 http fetch GET 200 https://registry.npmjs.org/esprima/-/esprima-4.0.1.tgz 3781ms (cache miss)
873 http fetch GET 200 https://registry.npmjs.org/body-parser/-/body-parser-1.20.4.tgz 3708ms (cache miss)
874 http fetch GET 200 https://registry.npmjs.org/binary-extensions/-/binary-extensions-2.3.0.tgz 3709ms (cache miss)
875 http fetch GET 200 https://registry.npmjs.org/babel-jest/-/babel-jest-29.7.0.tgz 3766ms (cache miss)
876 http fetch GET 200 https://registry.npmjs.org/babel-preset-current-node-syntax/-/babel-preset-current-node-syntax-1.2.0.tgz 3767ms (cache miss)
877 http fetch GET 200 https://registry.npmjs.org/babel-preset-jest/-/babel-preset-jest-29.6.3.tgz 3774ms (cache miss)
878 http fetch GET 200 https://registry.npmjs.org/bare-stream/-/bare-stream-2.13.3.tgz 3776ms (cache miss)
879 http fetch GET 200 https://registry.npmjs.org/asap/-/asap-2.0.6.tgz 3772ms (cache miss)
880 http fetch GET 200 https://registry.npmjs.org/bare-events/-/bare-events-2.9.1.tgz 3788ms (cache miss)
881 http fetch GET 200 https://registry.npmjs.org/babel-plugin-istanbul/-/babel-plugin-istanbul-6.1.1.tgz 3794ms (cache miss)
882 http fetch GET 200 https://registry.npmjs.org/asynckit/-/asynckit-0.4.0.tgz 3793ms (cache miss)
883 http fetch GET 200 https://registry.npmjs.org/babel-plugin-jest-hoist/-/babel-plugin-jest-hoist-29.6.3.tgz 3800ms (cache miss)
884 http fetch GET 200 https://registry.npmjs.org/array-flatten/-/array-flatten-1.1.1.tgz 3798ms (cache miss)
885 http fetch GET 200 https://registry.npmjs.org/anymatch/-/anymatch-3.1.3.tgz 3796ms (cache miss)
886 http fetch GET 200 https://registry.npmjs.org/b4a/-/b4a-1.8.1.tgz 3805ms (cache miss)
887 http fetch GET 200 https://registry.npmjs.org/ansi-styles/-/ansi-styles-4.3.0.tgz 3802ms (cache miss)
888 http fetch GET 200 https://registry.npmjs.org/superagent/-/superagent-10.3.0.tgz 4027ms (cache miss)
889 http fetch GET 200 https://registry.npmjs.org/agent-base/-/agent-base-7.1.4.tgz 3741ms (cache miss)
890 http fetch GET 200 https://registry.npmjs.org/arg/-/arg-4.1.3.tgz 3809ms (cache miss)
891 http fetch GET 200 https://registry.npmjs.org/@types/stack-utils/-/stack-utils-2.0.3.tgz 3738ms (cache miss)
892 http fetch GET 200 https://registry.npmjs.org/bcryptjs/-/bcryptjs-3.0.3.tgz 3820ms (cache miss)
893 http fetch GET 200 https://registry.npmjs.org/acorn-walk/-/acorn-walk-8.3.4.tgz 3746ms (cache miss)
894 http fetch GET 200 https://registry.npmjs.org/accepts/-/accepts-1.3.8.tgz 3745ms (cache miss)
895 http fetch GET 200 https://registry.npmjs.org/@types/send/-/send-1.2.1.tgz 3742ms (cache miss)
896 http fetch GET 200 https://registry.npmjs.org/@types/whatwg-url/-/whatwg-url-11.0.5.tgz 3745ms (cache miss)
897 http fetch GET 200 https://registry.npmjs.org/@types/webidl-conversions/-/webidl-conversions-7.0.3.tgz 3744ms (cache miss)
898 http fetch GET 200 https://registry.npmjs.org/@types/yargs-parser/-/yargs-parser-21.0.3.tgz 3751ms (cache miss)
899 http fetch GET 200 https://registry.npmjs.org/@types/swagger-jsdoc/-/swagger-jsdoc-6.0.4.tgz 3750ms (cache miss)
900 http fetch GET 200 https://registry.npmjs.org/argparse/-/argparse-2.0.1.tgz 3866ms (cache miss)
901 http fetch GET 200 https://registry.npmjs.org/@types/yargs/-/yargs-17.0.35.tgz 3796ms (cache miss)
902 http fetch GET 200 https://registry.npmjs.org/@types/swagger-ui-express/-/swagger-ui-express-4.1.8.tgz 3802ms (cache miss)
903 http fetch GET 200 https://registry.npmjs.org/uglify-js/-/uglify-js-3.19.3.tgz 4104ms (cache miss)
904 http fetch GET 200 https://registry.npmjs.org/@types/supertest/-/supertest-7.2.1.tgz 3807ms (cache miss)
905 http fetch GET 200 https://registry.npmjs.org/@types/superagent/-/superagent-8.1.11.tgz 3807ms (cache miss)
906 http fetch GET 200 https://registry.npmjs.org/baseline-browser-mapping/-/baseline-browser-mapping-2.10.43.tgz 3888ms (cache miss)
907 http fetch GET 200 https://registry.npmjs.org/@types/serve-static/-/serve-static-1.15.10.tgz 3813ms (cache miss)
908 http fetch GET 200 https://registry.npmjs.org/express/-/express-4.22.1.tgz 3972ms (cache miss)
909 http fetch GET 200 https://registry.npmjs.org/@types/istanbul-lib-report/-/istanbul-lib-report-3.0.3.tgz 3810ms (cache miss)
910 http fetch GET 200 https://registry.npmjs.org/ansi-escapes/-/ansi-escapes-4.3.2.tgz 3813ms (cache miss)
911 http fetch GET 200 https://registry.npmjs.org/@types/ms/-/ms-2.1.0.tgz 3814ms (cache miss)
912 http fetch GET 200 https://registry.npmjs.org/@types/range-parser/-/range-parser-1.2.7.tgz 3817ms (cache miss)
913 http fetch GET 200 https://registry.npmjs.org/js-yaml/-/js-yaml-4.1.1.tgz 4006ms (cache miss)
914 http fetch GET 200 https://registry.npmjs.org/bs-logger/-/bs-logger-0.2.6.tgz 3905ms (cache miss)
915 http fetch GET 200 https://registry.npmjs.org/@types/json-schema/-/json-schema-7.0.15.tgz 3820ms (cache miss)
916 http fetch GET 200 https://registry.npmjs.org/source-map/-/source-map-0.6.1.tgz 4117ms (cache miss)
917 http fetch GET 200 https://registry.npmjs.org/@types/jsonwebtoken/-/jsonwebtoken-9.0.10.tgz 3829ms (cache miss)
918 http fetch GET 200 https://registry.npmjs.org/@types/qs/-/qs-6.14.0.tgz 3831ms (cache miss)
919 http fetch GET 200 https://registry.npmjs.org/@types/graceful-fs/-/graceful-fs-4.1.9.tgz 3825ms (cache miss)
920 http fetch GET 200 https://registry.npmjs.org/@types/mime/-/mime-1.3.5.tgz 3830ms (cache miss)
921 http fetch GET 200 https://registry.npmjs.org/@types/jest/-/jest-29.5.14.tgz 3832ms (cache miss)
922 http fetch GET 200 https://registry.npmjs.org/@types/istanbul-reports/-/istanbul-reports-3.0.4.tgz 3891ms (cache miss)
923 http fetch GET 200 https://registry.npmjs.org/@types/express-serve-static-core/-/express-serve-static-core-4.19.7.tgz 3889ms (cache miss)
924 http fetch GET 200 https://registry.npmjs.org/@types/methods/-/methods-1.1.4.tgz 3893ms (cache miss)
925 http fetch GET 200 https://registry.npmjs.org/formidable/-/formidable-3.5.4.tgz 4069ms (cache miss)
926 http fetch GET 200 https://registry.npmjs.org/@types/connect/-/connect-3.4.38.tgz 3907ms (cache miss)
927 http fetch GET 200 https://registry.npmjs.org/nodemon/-/nodemon-3.1.11.tgz 4172ms (cache miss)
928 http fetch GET 200 https://registry.npmjs.org/async-mutex/-/async-mutex-0.5.0.tgz 4003ms (cache miss)
929 http fetch GET 200 https://registry.npmjs.org/@types/istanbul-lib-coverage/-/istanbul-lib-coverage-2.0.6.tgz 3923ms (cache miss)
930 http fetch GET 200 https://registry.npmjs.org/browserslist/-/browserslist-4.28.6.tgz 3923ms (cache miss)
931 http fetch GET 200 https://registry.npmjs.org/@types/express/-/express-4.17.25.tgz 3925ms (cache miss)
932 http fetch GET 200 https://registry.npmjs.org/ansi-regex/-/ansi-regex-5.0.1.tgz 3927ms (cache miss)
933 http fetch GET 200 https://registry.npmjs.org/@types/http-errors/-/http-errors-2.0.5.tgz 3935ms (cache miss)
934 http fetch GET 200 https://registry.npmjs.org/prompts/-/prompts-2.4.2.tgz 4265ms (cache miss)
935 http fetch GET 200 https://registry.npmjs.org/@types/cookiejar/-/cookiejar-2.1.5.tgz 3994ms (cache miss)
936 http fetch GET 200 https://registry.npmjs.org/@tsconfig/node14/-/node14-1.0.3.tgz 3991ms (cache miss)
937 http fetch GET 200 https://registry.npmjs.org/@types/babel__traverse/-/babel__traverse-7.28.0.tgz 3993ms (cache miss)
938 http fetch GET 200 https://registry.npmjs.org/@types/babel__template/-/babel__template-7.4.4.tgz 4000ms (cache miss)
939 http fetch GET 200 https://registry.npmjs.org/@types/bcryptjs/-/bcryptjs-2.4.6.tgz 4007ms (cache miss)
940 http fetch GET 200 https://registry.npmjs.org/@types/babel__generator/-/babel__generator-7.27.0.tgz 4006ms (cache miss)
941 http fetch GET 200 https://registry.npmjs.org/@types/babel__core/-/babel__core-7.20.5.tgz 4006ms (cache miss)
942 http fetch GET 200 https://registry.npmjs.org/@types/cors/-/cors-2.8.19.tgz 4009ms (cache miss)
943 http fetch GET 200 https://registry.npmjs.org/@sinonjs/commons/-/commons-3.0.1.tgz 4007ms (cache miss)
944 http fetch GET 200 https://registry.npmjs.org/@types/body-parser/-/body-parser-1.19.6.tgz 4015ms (cache miss)
945 http fetch GET 200 https://registry.npmjs.org/@scarf/scarf/-/scarf-1.4.0.tgz 4017ms (cache miss)
946 http fetch GET 200 https://registry.npmjs.org/iconv-lite/-/iconv-lite-0.4.24.tgz 4283ms (cache miss)
947 http fetch GET 200 https://registry.npmjs.org/@paralleldrive/cuid2/-/cuid2-2.3.1.tgz 4190ms (cache miss)
948 http fetch GET 200 https://registry.npmjs.org/@jridgewell/resolve-uri/-/resolve-uri-3.1.2.tgz 4189ms (cache miss)
949 http fetch GET 200 https://registry.npmjs.org/mongodb-memory-server-core/-/mongodb-memory-server-core-10.4.3.tgz 4463ms (cache miss)
950 http fetch GET 200 https://registry.npmjs.org/diff/-/diff-4.0.2.tgz 4312ms (cache miss)
951 http fetch GET 200 https://registry.npmjs.org/acorn/-/acorn-8.15.0.tgz 4225ms (cache miss)
952 http fetch GET 200 https://registry.npmjs.org/@tsconfig/node16/-/node16-1.0.4.tgz 4209ms (cache miss)
953 http fetch GET 200 https://registry.npmjs.org/@jest/transform/-/transform-29.7.0.tgz 4204ms (cache miss)
954 http fetch GET 200 https://registry.npmjs.org/@jest/test-sequencer/-/test-sequencer-29.7.0.tgz 4216ms (cache miss)
955 http fetch GET 200 https://registry.npmjs.org/ts-jest/-/ts-jest-29.4.11.tgz 4539ms (cache miss)
956 http fetch GET 200 https://registry.npmjs.org/@sinonjs/fake-timers/-/fake-timers-10.3.0.tgz 4287ms (cache miss)
957 http fetch GET 200 https://registry.npmjs.org/@jest/expect-utils/-/expect-utils-29.7.0.tgz 4286ms (cache miss)
958 http fetch GET 200 https://registry.npmjs.org/@jest/test-result/-/test-result-29.7.0.tgz 4291ms (cache miss)
959 http fetch GET 200 https://registry.npmjs.org/@jest/source-map/-/source-map-29.6.3.tgz 4292ms (cache miss)
960 http fetch GET 200 https://registry.npmjs.org/@jest/types/-/types-29.6.3.tgz 4300ms (cache miss)
961 http fetch GET 200 https://registry.npmjs.org/express-validator/-/express-validator-7.3.2.tgz 4487ms (cache miss)
962 http fetch GET 200 https://registry.npmjs.org/@tsconfig/node12/-/node12-1.0.11.tgz 4316ms (cache miss)
963 http fetch GET 200 https://registry.npmjs.org/@jest/globals/-/globals-29.7.0.tgz 4309ms (cache miss)
964 http fetch GET 200 https://registry.npmjs.org/@jest/expect/-/expect-29.7.0.tgz 4310ms (cache miss)
965 http fetch GET 200 https://registry.npmjs.org/@tsconfig/node10/-/node10-1.0.12.tgz 4387ms (cache miss)
966 http fetch GET 200 https://registry.npmjs.org/@istanbuljs/schema/-/schema-0.1.6.tgz 4386ms (cache miss)
967 http fetch GET 200 https://registry.npmjs.org/@jest/console/-/console-29.7.0.tgz 4393ms (cache miss)
968 http fetch GET 200 https://registry.npmjs.org/z-schema/-/z-schema-5.0.5.tgz 4786ms (cache miss)
969 http fetch GET 200 https://registry.npmjs.org/pure-rand/-/pure-rand-6.1.0.tgz 4695ms (cache miss)
970 http fetch GET 200 https://registry.npmjs.org/neo-async/-/neo-async-2.6.2.tgz 4697ms (cache miss)
971 http fetch GET 200 https://registry.npmjs.org/@jridgewell/sourcemap-codec/-/sourcemap-codec-1.5.5.tgz 4423ms (cache miss)
972 http fetch GET 200 https://registry.npmjs.org/@jest/fake-timers/-/fake-timers-29.7.0.tgz 4418ms (cache miss)
973 http fetch GET 200 https://registry.npmjs.org/@babel/plugin-syntax-top-level-await/-/plugin-syntax-top-level-await-7.14.5.tgz 4408ms (cache miss)
974 http fetch GET 200 https://registry.npmjs.org/@jest/schemas/-/schemas-29.6.3.tgz 4420ms (cache miss)
975 http fetch GET 200 https://registry.npmjs.org/@babel/plugin-syntax-private-property-in-object/-/plugin-syntax-private-property-in-object-7.14.5.tgz 4467ms (cache miss)
976 http fetch GET 200 https://registry.npmjs.org/@jridgewell/remapping/-/remapping-2.3.5.tgz 4490ms (cache miss)
977 http fetch GET 200 https://registry.npmjs.org/@babel/plugin-syntax-typescript/-/plugin-syntax-typescript-7.29.7.tgz 4478ms (cache miss)
978 http fetch GET 200 https://registry.npmjs.org/@jridgewell/trace-mapping/-/trace-mapping-0.3.9.tgz 4500ms (cache miss)
979 http fetch GET 200 https://registry.npmjs.org/@cspotcode/source-map-support/-/source-map-support-0.8.1.tgz 4482ms (cache miss)
980 http fetch GET 200 https://registry.npmjs.org/swagger-jsdoc/-/swagger-jsdoc-6.2.8.tgz 4817ms (cache miss)
981 http fetch GET 200 https://registry.npmjs.org/@babel/plugin-syntax-import-attributes/-/plugin-syntax-import-attributes-7.29.7.tgz 4437ms (cache miss)
982 http fetch GET 200 https://registry.npmjs.org/@jest/environment/-/environment-29.7.0.tgz 4512ms (cache miss)
983 http fetch GET 200 https://registry.npmjs.org/@istanbuljs/load-nyc-config/-/load-nyc-config-1.1.0.tgz 4511ms (cache miss)
984 http fetch GET 200 https://registry.npmjs.org/@jridgewell/gen-mapping/-/gen-mapping-0.3.13.tgz 4519ms (cache miss)
985 http fetch GET 200 https://registry.npmjs.org/@babel/plugin-syntax-json-strings/-/plugin-syntax-json-strings-7.8.3.tgz 4441ms (cache miss)
986 http fetch GET 200 https://registry.npmjs.org/@babel/plugin-syntax-class-properties/-/plugin-syntax-class-properties-7.12.13.tgz 4442ms (cache miss)
987 http fetch GET 200 https://registry.npmjs.org/istanbul-reports/-/istanbul-reports-3.2.0.tgz 4719ms (cache miss)
988 http fetch GET 200 https://registry.npmjs.org/@babel/plugin-syntax-logical-assignment-operators/-/plugin-syntax-logical-assignment-operators-7.10.4.tgz 4445ms (cache miss)
989 http fetch GET 200 https://registry.npmjs.org/@babel/plugin-syntax-async-generators/-/plugin-syntax-async-generators-7.8.4.tgz 4448ms (cache miss)
990 http fetch GET 200 https://registry.npmjs.org/@babel/template/-/template-7.29.7.tgz 4568ms (cache miss)
991 http fetch GET 200 https://registry.npmjs.org/@babel/plugin-syntax-optional-catch-binding/-/plugin-syntax-optional-catch-binding-7.8.3.tgz 4649ms (cache miss)
992 http fetch GET 200 https://registry.npmjs.org/@babel/helper-validator-option/-/helper-validator-option-7.29.7.tgz 4594ms (cache miss)
993 http fetch GET 200 https://registry.npmjs.org/@babel/plugin-syntax-nullish-coalescing-operator/-/plugin-syntax-nullish-coalescing-operator-7.8.3.tgz 4598ms (cache miss)
994 http fetch GET 200 https://registry.npmjs.org/@babel/plugin-syntax-object-rest-spread/-/plugin-syntax-object-rest-spread-7.8.3.tgz 4650ms (cache miss)
995 http fetch GET 200 https://registry.npmjs.org/@babel/plugin-syntax-bigint/-/plugin-syntax-bigint-7.8.3.tgz 4612ms (cache miss)
996 http fetch GET 200 https://registry.npmjs.org/@babel/plugin-syntax-numeric-separator/-/plugin-syntax-numeric-separator-7.10.4.tgz 4627ms (cache miss)
997 http fetch GET 200 https://registry.npmjs.org/@babel/plugin-syntax-optional-chaining/-/plugin-syntax-optional-chaining-7.8.3.tgz 4624ms (cache miss)
998 http fetch GET 200 https://registry.npmjs.org/@babel/helper-string-parser/-/helper-string-parser-7.29.7.tgz 4624ms (cache miss)
999 http fetch GET 200 https://registry.npmjs.org/@babel/plugin-syntax-import-meta/-/plugin-syntax-import-meta-7.10.4.tgz 4628ms (cache miss)
1000 http fetch GET 200 https://registry.npmjs.org/bare-path/-/bare-path-3.1.1.tgz 4809ms (cache miss)
1001 http fetch GET 200 https://registry.npmjs.org/@babel/helper-validator-identifier/-/helper-validator-identifier-7.29.7.tgz 4633ms (cache miss)
1002 http fetch GET 200 https://registry.npmjs.org/ts-node/-/ts-node-10.9.2.tgz 5041ms (cache miss)
1003 http fetch GET 200 https://registry.npmjs.org/@jest/reporters/-/reporters-29.7.0.tgz 4724ms (cache miss)
1004 http fetch GET 200 https://registry.npmjs.org/@babel/plugin-syntax-jsx/-/plugin-syntax-jsx-7.29.7.tgz 4698ms (cache miss)
1005 http fetch GET 200 https://registry.npmjs.org/@babel/helper-compilation-targets/-/helper-compilation-targets-7.29.7.tgz 4692ms (cache miss)
1006 http fetch GET 200 https://registry.npmjs.org/@sinclair/typebox/-/typebox-0.27.10.tgz 4801ms (cache miss)
1007 http fetch GET 200 https://registry.npmjs.org/@babel/plugin-syntax-class-static-block/-/plugin-syntax-class-static-block-7.14.5.tgz 4719ms (cache miss)
1008 http fetch GET 200 https://registry.npmjs.org/@babel/helper-module-imports/-/helper-module-imports-7.29.7.tgz 4725ms (cache miss)
1009 http fetch GET 200 https://registry.npmjs.org/cookie-signature/-/cookie-signature-1.2.2.tgz 4722ms (cache miss)
1010 http fetch GET 200 https://registry.npmjs.org/@babel/helper-globals/-/helper-globals-7.29.7.tgz 4735ms (cache miss)
1011 http fetch GET 200 https://registry.npmjs.org/@babel/compat-data/-/compat-data-7.29.7.tgz 4732ms (cache miss)
1012 http fetch GET 200 https://registry.npmjs.org/@babel/code-frame/-/code-frame-7.29.7.tgz 4735ms (cache miss)
1013 http fetch GET 200 https://registry.npmjs.org/@babel/helper-plugin-utils/-/helper-plugin-utils-7.29.7.tgz 4797ms (cache miss)
1014 http fetch GET 200 https://registry.npmjs.org/@jsdevtools/ono/-/ono-7.1.3.tgz 4892ms (cache miss)
1015 http fetch GET 200 https://registry.npmjs.org/debug/-/debug-4.4.3.tgz 4908ms (cache miss)
1016 http fetch GET 200 https://registry.npmjs.org/http-errors/-/http-errors-2.0.0.tgz 4909ms (cache miss)
1017 http fetch GET 200 https://registry.npmjs.org/statuses/-/statuses-2.0.1.tgz 5006ms (cache miss)
1018 http fetch GET 200 https://registry.npmjs.org/encodeurl/-/encodeurl-1.0.2.tgz 5006ms (cache miss)
1019 http fetch GET 200 https://registry.npmjs.org/debug/-/debug-4.4.3.tgz 5010ms (cache miss)
1020 http fetch GET 200 https://registry.npmjs.org/@babel/helper-module-transforms/-/helper-module-transforms-7.29.7.tgz 5030ms (cache miss)
1021 http fetch GET 200 https://registry.npmjs.org/commander/-/commander-9.5.0.tgz 5021ms (cache miss)
1022 http fetch GET 200 https://registry.npmjs.org/send/-/send-0.19.0.tgz 5016ms (cache miss)
1023 http fetch GET 200 https://registry.npmjs.org/ms/-/ms-2.1.3.tgz 5023ms (cache miss)
1024 http fetch GET 200 https://registry.npmjs.org/@apidevtools/swagger-methods/-/swagger-methods-3.0.2.tgz 5034ms (cache miss)
1025 http fetch GET 200 https://registry.npmjs.org/p-limit/-/p-limit-2.3.0.tgz 5023ms (cache miss)
1026 http fetch GET 200 https://registry.npmjs.org/ansi-styles/-/ansi-styles-5.2.0.tgz 5023ms (cache miss)
1027 http fetch GET 200 https://registry.npmjs.org/mime/-/mime-2.6.0.tgz 5033ms (cache miss)
1028 http fetch GET 200 https://registry.npmjs.org/ms/-/ms-2.1.3.tgz 5077ms (cache miss)
1029 http fetch GET 200 https://registry.npmjs.org/ms/-/ms-2.1.3.tgz 5077ms (cache miss)
1030 http fetch GET 200 https://registry.npmjs.org/ms/-/ms-2.1.3.tgz 5081ms (cache miss)
1031 http fetch GET 200 https://registry.npmjs.org/ms/-/ms-2.1.3.tgz 5079ms (cache miss)
1032 http fetch GET 200 https://registry.npmjs.org/ms/-/ms-2.1.3.tgz 5077ms (cache miss)
1033 http fetch GET 200 https://registry.npmjs.org/ms/-/ms-2.1.3.tgz 5072ms (cache miss)
1034 http fetch GET 200 https://registry.npmjs.org/ms/-/ms-2.1.3.tgz 5072ms (cache miss)
1035 http fetch GET 200 https://registry.npmjs.org/ms/-/ms-2.1.3.tgz 5073ms (cache miss)
1036 http fetch GET 200 https://registry.npmjs.org/ms/-/ms-2.1.3.tgz 5074ms (cache miss)
1037 http fetch GET 200 https://registry.npmjs.org/statuses/-/statuses-2.0.1.tgz 5080ms (cache miss)
1038 http fetch GET 200 https://registry.npmjs.org/camelcase/-/camelcase-6.3.0.tgz 5079ms (cache miss)
1039 http fetch GET 200 https://registry.npmjs.org/supports-color/-/supports-color-8.1.1.tgz 5078ms (cache miss)
1040 http fetch GET 200 https://registry.npmjs.org/@apidevtools/swagger-parser/-/swagger-parser-10.0.3.tgz 5105ms (cache miss)
1041 http fetch GET 200 https://registry.npmjs.org/debug/-/debug-4.4.3.tgz 5084ms (cache miss)
1042 http fetch GET 200 https://registry.npmjs.org/debug/-/debug-4.4.3.tgz 5088ms (cache miss)
1043 http fetch GET 200 https://registry.npmjs.org/debug/-/debug-4.4.3.tgz 5090ms (cache miss)
1044 http fetch GET 200 https://registry.npmjs.org/http-errors/-/http-errors-2.0.0.tgz 5090ms (cache miss)
1045 http fetch GET 200 https://registry.npmjs.org/debug/-/debug-4.4.3.tgz 5089ms (cache miss)
1046 http fetch GET 200 https://registry.npmjs.org/supports-color/-/supports-color-7.2.0.tgz 5084ms (cache miss)
1047 http fetch GET 200 https://registry.npmjs.org/has-flag/-/has-flag-4.0.0.tgz 5084ms (cache miss)
1048 http fetch GET 200 https://registry.npmjs.org/@jest/core/-/core-29.7.0.tgz 5193ms (cache miss)
1049 http fetch GET 200 https://registry.npmjs.org/ms/-/ms-2.1.3.tgz 5095ms (cache miss)
1050 http fetch GET 200 https://registry.npmjs.org/camelcase/-/camelcase-6.3.0.tgz 5101ms (cache miss)
1051 http fetch GET 200 https://registry.npmjs.org/has-flag/-/has-flag-4.0.0.tgz 5101ms (cache miss)
1052 http fetch GET 200 https://registry.npmjs.org/has-flag/-/has-flag-4.0.0.tgz 5107ms (cache miss)
1053 http fetch GET 200 https://registry.npmjs.org/supports-color/-/supports-color-7.2.0.tgz 5100ms (cache miss)
1054 http fetch GET 200 https://registry.npmjs.org/debug/-/debug-4.4.3.tgz 5102ms (cache miss)
1055 http fetch GET 200 https://registry.npmjs.org/make-dir/-/make-dir-3.1.0.tgz 5100ms (cache miss)
1056 http fetch GET 200 https://registry.npmjs.org/semver/-/semver-6.3.1.tgz 5109ms (cache miss)
1057 http fetch GET 200 https://registry.npmjs.org/@mongodb-js/saslprep/-/saslprep-1.3.2.tgz 5224ms (cache miss)
1058 http fetch GET 200 https://registry.npmjs.org/ms/-/ms-2.1.3.tgz 5107ms (cache miss)
1059 http fetch GET 200 https://registry.npmjs.org/ms/-/ms-2.1.3.tgz 5106ms (cache miss)
1060 http fetch GET 200 https://registry.npmjs.org/debug/-/debug-4.4.3.tgz 5107ms (cache miss)
1061 http fetch GET 200 https://registry.npmjs.org/debug/-/debug-4.4.3.tgz 5106ms (cache miss)
1062 http fetch GET 200 https://registry.npmjs.org/semver/-/semver-6.3.1.tgz 5161ms (cache miss)
1063 http fetch GET 200 https://registry.npmjs.org/semver/-/semver-6.3.1.tgz 5156ms (cache miss)
1064 http fetch GET 200 https://registry.npmjs.org/semver/-/semver-6.3.1.tgz 5156ms (cache miss)
1065 http fetch GET 200 https://registry.npmjs.org/istanbul-lib-instrument/-/istanbul-lib-instrument-5.2.1.tgz 5165ms (cache miss)
1066 http fetch GET 200 https://registry.npmjs.org/@types/send/-/send-0.17.6.tgz 5168ms (cache miss)
1067 http fetch GET 200 https://registry.npmjs.org/brace-expansion 4566ms (cache miss)
1068 silly packumentCache corgi:https://registry.npmjs.org/brace-expansion set size:undefined disposed:false
1069 http fetch GET 200 https://registry.npmjs.org/@apidevtools/json-schema-ref-parser/-/json-schema-ref-parser-9.1.2.tgz 5211ms (cache miss)
1070 http fetch GET 200 https://registry.npmjs.org/body-parser 4585ms (cache miss)
1071 silly packumentCache corgi:https://registry.npmjs.org/body-parser set size:undefined disposed:false
1072 http fetch GET 200 https://registry.npmjs.org/diff 4590ms (cache miss)
1073 silly packumentCache corgi:https://registry.npmjs.org/diff set size:undefined disposed:false
1074 http fetch GET 200 https://registry.npmjs.org/picomatch 4594ms (cache miss)
1075 silly packumentCache corgi:https://registry.npmjs.org/picomatch set size:undefined disposed:false
1076 http fetch GET 200 https://registry.npmjs.org/resolve/-/resolve-1.22.12.tgz 5690ms (cache miss)
1077 http fetch GET 200 https://registry.npmjs.org/js-yaml 4687ms (cache miss)
1078 silly packumentCache corgi:https://registry.npmjs.org/js-yaml set size:undefined disposed:false
1079 http fetch GET 200 https://registry.npmjs.org/qs/-/qs-6.15.3.tgz 5388ms (cache miss)
1080 http fetch GET 200 https://registry.npmjs.org/minimatch 4773ms (cache miss)
1081 silly packumentCache corgi:https://registry.npmjs.org/minimatch set size:undefined disposed:false
1082 http fetch GET 200 https://registry.npmjs.org/qs 4779ms (cache miss)
1083 silly packumentCache corgi:https://registry.npmjs.org/qs set size:undefined disposed:false
1084 http fetch GET 200 https://registry.npmjs.org/path-to-regexp 4796ms (cache miss)
1085 silly packumentCache corgi:https://registry.npmjs.org/path-to-regexp set size:undefined disposed:false
1086 http fetch GET 200 https://registry.npmjs.org/browserslist 4807ms (cache miss)
1087 silly packumentCache corgi:https://registry.npmjs.org/browserslist set size:undefined disposed:false
1088 http fetch GET 200 https://registry.npmjs.org/bare-fs/-/bare-fs-4.7.4.tgz 5674ms (cache miss)
1089 http fetch GET 200 https://registry.npmjs.org/semver/-/semver-7.8.5.tgz 5487ms (cache miss)
1090 http fetch GET 200 https://registry.npmjs.org/argparse/-/argparse-1.0.10.tgz 5490ms (cache miss)
1091 http fetch GET 200 https://registry.npmjs.org/@jridgewell/trace-mapping/-/trace-mapping-0.3.31.tgz 5526ms (cache miss)
1092 http fetch GET 200 https://registry.npmjs.org/@bcoe/v8-coverage/-/v8-coverage-0.2.3.tgz 5624ms (cache miss)
1093 http fetch GET 200 https://registry.npmjs.org/bare-url/-/bare-url-2.4.5.tgz 5776ms (cache miss)
1094 http fetch GET 200 https://registry.npmjs.org/@apidevtools/openapi-schemas/-/openapi-schemas-2.1.0.tgz 5597ms (cache miss)
1095 http fetch GET 200 https://registry.npmjs.org/@jridgewell/trace-mapping/-/trace-mapping-0.3.31.tgz 5582ms (cache miss)
1096 http fetch GET 200 https://registry.npmjs.org/@babel/generator/-/generator-7.29.7.tgz 5612ms (cache miss)
1097 http fetch GET 200 https://registry.npmjs.org/@jridgewell/trace-mapping/-/trace-mapping-0.3.31.tgz 5582ms (cache miss)
1098 http fetch GET 200 https://registry.npmjs.org/@jridgewell/trace-mapping/-/trace-mapping-0.3.31.tgz 5583ms (cache miss)
1099 http fetch GET 200 https://registry.npmjs.org/@jridgewell/trace-mapping/-/trace-mapping-0.3.31.tgz 5584ms (cache miss)
1100 http fetch GET 200 https://registry.npmjs.org/js-yaml/-/js-yaml-3.15.0.tgz 5585ms (cache miss)
1101 http fetch GET 200 https://registry.npmjs.org/@jridgewell/trace-mapping/-/trace-mapping-0.3.31.tgz 5587ms (cache miss)
1102 http fetch GET 200 https://registry.npmjs.org/@jridgewell/trace-mapping/-/trace-mapping-0.3.31.tgz 5582ms (cache miss)
1103 http fetch GET 200 https://registry.npmjs.org/@babel/traverse/-/traverse-7.29.7.tgz 5701ms (cache miss)
1104 http fetch GET 200 https://registry.npmjs.org/@babel/parser/-/parser-7.29.7.tgz 5719ms (cache miss)
1105 http fetch GET 200 https://registry.npmjs.org/validator/-/validator-13.15.23.tgz 6127ms (cache miss)
1106 http fetch GET 200 https://registry.npmjs.org/bson/-/bson-6.10.4.tgz 5982ms (cache miss)
1107 http fetch GET 200 https://registry.npmjs.org/mongoose 5168ms (cache miss)
1108 silly packumentCache corgi:https://registry.npmjs.org/mongoose set size:undefined disposed:false
1109 http fetch GET 200 https://registry.npmjs.org/@types/node/-/node-24.10.1.tgz 6003ms (cache miss)
1110 silly packumentCache corgi:https://registry.npmjs.org/@apidevtools%2fjson-schema-ref-parser cache-miss
1111 http fetch GET 200 https://registry.npmjs.org/type-fest/-/type-fest-4.41.0.tgz 5984ms (cache miss)
1112 http fetch GET 200 https://registry.npmjs.org/@babel/core/-/core-7.29.7.tgz 6022ms (cache miss)
1113 http fetch GET 200 https://registry.npmjs.org/handlebars/-/handlebars-4.7.9.tgz 6372ms (cache miss)
1114 http fetch GET 200 https://registry.npmjs.org/@babel/helpers/-/helpers-7.29.7.tgz 6142ms (cache miss)
1115 http fetch GET 200 https://registry.npmjs.org/@noble/hashes/-/hashes-1.8.0.tgz 6283ms (cache miss)
1116 http fetch GET 200 https://registry.npmjs.org/@babel/types/-/types-7.29.7.tgz 6307ms (cache miss)
1117 http fetch GET 200 https://registry.npmjs.org/mongoose/-/mongoose-8.20.2.tgz 6646ms (cache miss)
1118 http fetch GET 200 https://registry.npmjs.org/@apidevtools%2fjson-schema-ref-parser 431ms (cache miss)
1119 silly packumentCache corgi:https://registry.npmjs.org/@apidevtools%2fjson-schema-ref-parser set size:undefined disposed:false
1120 silly packumentCache corgi:https://registry.npmjs.org/@istanbuljs%2fload-nyc-config cache-miss
1121 http fetch GET 200 https://registry.npmjs.org/swagger-ui-dist/-/swagger-ui-dist-5.30.3.tgz 6817ms (cache miss)
1122 http fetch GET 200 https://registry.npmjs.org/mongodb/-/mongodb-6.20.0.tgz 6785ms (cache miss)
1123 http fetch GET 200 https://registry.npmjs.org/caniuse-lite/-/caniuse-lite-1.0.30001805.tgz 6730ms (cache miss)
1124 http fetch GET 200 https://registry.npmjs.org/lodash/-/lodash-4.18.1.tgz 6890ms (cache miss)
1125 http fetch GET 200 https://registry.npmjs.org/typescript/-/typescript-5.9.3.tgz 7046ms (cache miss)
1126 info run @scarf/scarf@1.4.0 postinstall node_modules/@scarf/scarf node ./report.js
1127 info run mongodb-memory-server@10.4.3 postinstall node_modules/mongodb-memory-server node ./postinstall.js
1128 http fetch GET 200 https://registry.npmjs.org/@istanbuljs%2fload-nyc-config 315ms (cache miss)
1129 silly packumentCache corgi:https://registry.npmjs.org/@istanbuljs%2fload-nyc-config set size:undefined disposed:false
1130 silly packumentCache corgi:https://registry.npmjs.org/express cache-miss
1131 http fetch GET 200 https://registry.npmjs.org/express 80ms (cache miss)
1132 silly packumentCache corgi:https://registry.npmjs.org/express set size:undefined disposed:false
1133 silly packumentCache corgi:https://registry.npmjs.org/@babel%2fhelper-compilation-targets cache-miss
1134 silly packumentCache corgi:https://registry.npmjs.org/update-browserslist-db cache-miss
1135 http fetch GET 200 https://registry.npmjs.org/update-browserslist-db 108ms (cache miss)
1136 silly packumentCache corgi:https://registry.npmjs.org/update-browserslist-db set size:undefined disposed:false
1137 http fetch GET 200 https://registry.npmjs.org/@babel%2fhelper-compilation-targets 182ms (cache miss)
1138 silly packumentCache corgi:https://registry.npmjs.org/@babel%2fhelper-compilation-targets set size:undefined disposed:false
1139 silly packumentCache corgi:https://registry.npmjs.org/ts-node cache-miss
1140 http fetch GET 200 https://registry.npmjs.org/ts-node 101ms (cache miss)
1141 silly packumentCache corgi:https://registry.npmjs.org/ts-node set size:undefined disposed:false
1142 silly packumentCache corgi:https://registry.npmjs.org/glob cache-miss
1143 silly packumentCache corgi:https://registry.npmjs.org/nodemon cache-miss
1144 silly packumentCache corgi:https://registry.npmjs.org/test-exclude cache-miss
1145 http fetch GET 200 https://registry.npmjs.org/test-exclude 98ms (cache miss)
1146 silly packumentCache corgi:https://registry.npmjs.org/test-exclude set size:undefined disposed:false
1147 http fetch GET 200 https://registry.npmjs.org/glob 182ms (cache miss)
1148 silly packumentCache corgi:https://registry.npmjs.org/glob set size:undefined disposed:false
1149 http fetch GET 200 https://registry.npmjs.org/nodemon 195ms (cache miss)
1150 silly packumentCache corgi:https://registry.npmjs.org/nodemon set size:undefined disposed:false
1151 silly packumentCache corgi:https://registry.npmjs.org/anymatch cache-miss
1152 silly packumentCache corgi:https://registry.npmjs.org/jest-util cache-miss
1153 silly packumentCache corgi:https://registry.npmjs.org/micromatch cache-miss
1154 silly packumentCache corgi:https://registry.npmjs.org/readdirp cache-miss
1155 http fetch GET 200 https://registry.npmjs.org/readdirp 95ms (cache miss)
1156 silly packumentCache corgi:https://registry.npmjs.org/readdirp set size:undefined disposed:false
1157 http fetch GET 200 https://registry.npmjs.org/jest-util 194ms (cache miss)
1158 silly packumentCache corgi:https://registry.npmjs.org/jest-util set size:undefined disposed:false
1159 http fetch GET 200 https://registry.npmjs.org/anymatch 262ms (cache miss)
1160 silly packumentCache corgi:https://registry.npmjs.org/anymatch set size:undefined disposed:false
1161 http fetch GET 200 https://registry.npmjs.org/micromatch 261ms (cache miss)
1162 silly packumentCache corgi:https://registry.npmjs.org/micromatch set size:undefined disposed:false
1163 silly packumentCache corgi:https://registry.npmjs.org/superagent cache-miss
1164 http fetch GET 200 https://registry.npmjs.org/superagent 191ms (cache miss)
1165 silly packumentCache corgi:https://registry.npmjs.org/superagent set size:undefined disposed:false
1166 silly packumentCache corgi:https://registry.npmjs.org/swagger-ui-express cache-miss
1167 http fetch GET 200 https://registry.npmjs.org/swagger-ui-express 134ms (cache miss)
1168 silly packumentCache corgi:https://registry.npmjs.org/swagger-ui-express set size:undefined disposed:false
1169 info run @scarf/scarf@1.4.0 postinstall { code: 0, signal: null }
1170 info run mongodb-memory-server@10.4.3 postinstall { code: 0, signal: null }
1171 silly ADD node_modules/z-schema
1172 silly ADD node_modules/z-schema/node_modules/commander
1173 silly ADD node_modules/yocto-queue
1174 silly ADD node_modules/yn
1175 silly ADD node_modules/yauzl
1176 silly ADD node_modules/yargs-parser
1177 silly ADD node_modules/yargs
1178 silly ADD node_modules/yaml
1179 silly ADD node_modules/yallist
1180 silly ADD node_modules/y18n
1181 silly ADD node_modules/write-file-atomic
1182 silly ADD node_modules/wrappy
1183 silly ADD node_modules/wrap-ansi
1184 silly ADD node_modules/wordwrap
1185 silly ADD node_modules/which
1186 silly ADD node_modules/whatwg-url
1187 silly ADD node_modules/webidl-conversions
1188 silly ADD node_modules/walker
1189 silly ADD node_modules/vary
1190 silly ADD node_modules/validator
1191 silly ADD node_modules/v8-to-istanbul
1192 silly ADD node_modules/v8-to-istanbul/node_modules/@jridgewell/trace-mapping
1193 silly ADD node_modules/v8-compile-cache-lib
1194 silly ADD node_modules/utils-merge
1195 silly ADD node_modules/update-browserslist-db
1196 silly ADD node_modules/unpipe
1197 silly ADD node_modules/undici-types
1198 silly ADD node_modules/undefsafe
1199 silly ADD node_modules/uglify-js
1200 silly ADD node_modules/typescript
1201 silly ADD node_modules/type-is
1202 silly ADD node_modules/type-fest
1203 silly ADD node_modules/type-detect
1204 silly ADD node_modules/tslib
1205 silly ADD node_modules/ts-node
1206 silly ADD node_modules/ts-jest
1207 silly ADD node_modules/ts-jest/node_modules/type-fest
1208 silly ADD node_modules/ts-jest/node_modules/semver
1209 silly ADD node_modules/tr46
1210 silly ADD node_modules/touch
1211 silly ADD node_modules/toidentifier
1212 silly ADD node_modules/to-regex-range
1213 silly ADD node_modules/tmpl
1214 silly ADD node_modules/text-decoder
1215 silly ADD node_modules/test-exclude
1216 silly ADD node_modules/teex
1217 silly ADD node_modules/tar-stream
1218 silly ADD node_modules/swagger-ui-express
1219 silly ADD node_modules/swagger-ui-dist
1220 silly ADD node_modules/swagger-parser
1221 silly ADD node_modules/swagger-jsdoc
1222 silly ADD node_modules/supports-preserve-symlinks-flag
1223 silly ADD node_modules/supports-color
1224 silly ADD node_modules/supertest
1225 silly ADD node_modules/supertest/node_modules/cookie-signature
1226 silly ADD node_modules/superagent
1227 silly ADD node_modules/superagent/node_modules/qs
1228 silly ADD node_modules/superagent/node_modules/ms
1229 silly ADD node_modules/superagent/node_modules/mime
1230 silly ADD node_modules/superagent/node_modules/debug
1231 silly ADD node_modules/strip-json-comments
1232 silly ADD node_modules/strip-final-newline
1233 silly ADD node_modules/strip-bom
1234 silly ADD node_modules/strip-ansi
1235 silly ADD node_modules/string-width
1236 silly ADD node_modules/string-length
1237 silly ADD node_modules/streamx
1238 silly ADD node_modules/statuses
1239 silly ADD node_modules/stack-utils
1240 silly ADD node_modules/sprintf-js
1241 silly ADD node_modules/sparse-bitfield
1242 silly ADD node_modules/source-map-support
1243 silly ADD node_modules/source-map
1244 silly ADD node_modules/slash
1245 silly ADD node_modules/sisteransi
1246 silly ADD node_modules/simple-update-notifier
1247 silly ADD node_modules/signal-exit
1248 silly ADD node_modules/sift
1249 silly ADD node_modules/side-channel-weakmap
1250 silly ADD node_modules/side-channel-map
1251 silly ADD node_modules/side-channel-list
1252 silly ADD node_modules/side-channel
1253 silly ADD node_modules/shebang-regex
1254 silly ADD node_modules/shebang-command
1255 silly ADD node_modules/setprototypeof
1256 silly ADD node_modules/serve-static
1257 silly ADD node_modules/serve-static/node_modules/statuses
1258 silly ADD node_modules/serve-static/node_modules/send
1259 silly ADD node_modules/serve-static/node_modules/send/node_modules/encodeurl
1260 silly ADD node_modules/serve-static/node_modules/ms
1261 silly ADD node_modules/serve-static/node_modules/http-errors
1262 silly ADD node_modules/send
1263 silly ADD node_modules/send/node_modules/statuses
1264 silly ADD node_modules/send/node_modules/ms
1265 silly ADD node_modules/send/node_modules/http-errors
1266 silly ADD node_modules/semver
1267 silly ADD node_modules/safer-buffer
1268 silly ADD node_modules/safe-buffer
1269 silly ADD node_modules/resolve.exports
1270 silly ADD node_modules/resolve-from
1271 silly ADD node_modules/resolve-cwd
1272 silly ADD node_modules/resolve
1273 silly ADD node_modules/require-directory
1274 silly ADD node_modules/readdirp
1275 silly ADD node_modules/react-is
1276 silly ADD node_modules/raw-body
1277 silly ADD node_modules/range-parser
1278 silly ADD node_modules/qs
1279 silly ADD node_modules/pure-rand
1280 silly ADD node_modules/punycode
1281 silly ADD node_modules/pstree.remy
1282 silly ADD node_modules/proxy-addr
1283 silly ADD node_modules/prompts
1284 silly ADD node_modules/pretty-format
1285 silly ADD node_modules/pretty-format/node_modules/ansi-styles
1286 silly ADD node_modules/pkg-dir
1287 silly ADD node_modules/pirates
1288 silly ADD node_modules/picomatch
1289 silly ADD node_modules/picocolors
1290 silly ADD node_modules/pend
1291 silly ADD node_modules/path-to-regexp
1292 silly ADD node_modules/path-parse
1293 silly ADD node_modules/path-key
1294 silly ADD node_modules/path-is-absolute
1295 silly ADD node_modules/path-exists
1296 silly ADD node_modules/parseurl
1297 silly ADD node_modules/parse-json
1298 silly ADD node_modules/p-try
1299 silly ADD node_modules/p-locate
1300 silly ADD node_modules/p-locate/node_modules/p-limit
1301 silly ADD node_modules/p-limit
1302 silly ADD node_modules/openapi-types
1303 silly ADD node_modules/onetime
1304 silly ADD node_modules/once
1305 silly ADD node_modules/on-finished
1306 silly ADD node_modules/object-inspect
1307 silly ADD node_modules/object-assign
1308 silly ADD node_modules/npm-run-path
1309 silly ADD node_modules/normalize-path
1310 silly ADD node_modules/nodemon
1311 silly ADD node_modules/nodemon/node_modules/ms
1312 silly ADD node_modules/nodemon/node_modules/debug
1313 silly ADD node_modules/node-releases
1314 silly ADD node_modules/node-int64
1315 silly ADD node_modules/new-find-package-json
1316 silly ADD node_modules/new-find-package-json/node_modules/ms
1317 silly ADD node_modules/new-find-package-json/node_modules/debug
1318 silly ADD node_modules/neo-async
1319 silly ADD node_modules/negotiator
1320 silly ADD node_modules/natural-compare
1321 silly ADD node_modules/ms
1322 silly ADD node_modules/mquery
1323 silly ADD node_modules/mquery/node_modules/ms
1324 silly ADD node_modules/mquery/node_modules/debug
1325 silly ADD node_modules/mpath
1326 silly ADD node_modules/mongoose
1327 silly ADD node_modules/mongoose/node_modules/ms
1328 silly ADD node_modules/mongodb-memory-server-core
1329 silly ADD node_modules/mongodb-memory-server-core/node_modules/ms
1330 silly ADD node_modules/mongodb-memory-server-core/node_modules/debug
1331 silly ADD node_modules/mongodb-memory-server-core/node_modules/camelcase
1332 silly ADD node_modules/mongodb-memory-server
1333 silly ADD node_modules/mongodb-connection-string-url
1334 silly ADD node_modules/mongodb
1335 silly ADD node_modules/minimist
1336 silly ADD node_modules/minimatch
1337 silly ADD node_modules/mimic-fn
1338 silly ADD node_modules/mime-types
1339 silly ADD node_modules/mime-db
1340 silly ADD node_modules/mime
1341 silly ADD node_modules/micromatch
1342 silly ADD node_modules/methods
1343 silly ADD node_modules/merge-stream
1344 silly ADD node_modules/merge-descriptors
1345 silly ADD node_modules/memory-pager
1346 silly ADD node_modules/media-typer
1347 silly ADD node_modules/math-intrinsics
1348 silly ADD node_modules/makeerror
1349 silly ADD node_modules/make-error
1350 silly ADD node_modules/make-dir
1351 silly ADD node_modules/lru-cache
1352 silly ADD node_modules/lodash.once
1353 silly ADD node_modules/lodash.mergewith
1354 silly ADD node_modules/lodash.memoize
1355 silly ADD node_modules/lodash.isstring
1356 silly ADD node_modules/lodash.isplainobject
1357 silly ADD node_modules/lodash.isnumber
1358 silly ADD node_modules/lodash.isinteger
1359 silly ADD node_modules/lodash.isequal
1360 silly ADD node_modules/lodash.isboolean
1361 silly ADD node_modules/lodash.includes
1362 silly ADD node_modules/lodash.get
1363 silly ADD node_modules/lodash
1364 silly ADD node_modules/locate-path
1365 silly ADD node_modules/lines-and-columns
1366 silly ADD node_modules/leven
1367 silly ADD node_modules/kleur
1368 silly ADD node_modules/kareem
1369 silly ADD node_modules/jws
1370 silly ADD node_modules/jwa
1371 silly ADD node_modules/jsonwebtoken
1372 silly ADD node_modules/jsonwebtoken/node_modules/ms
1373 silly ADD node_modules/json5
1374 silly ADD node_modules/json-parse-even-better-errors
1375 silly ADD node_modules/jsesc
1376 silly ADD node_modules/js-yaml
1377 silly ADD node_modules/js-tokens
1378 silly ADD node_modules/jest-worker
1379 silly ADD node_modules/jest-worker/node_modules/supports-color
1380 silly ADD node_modules/jest-worker/node_modules/has-flag
1381 silly ADD node_modules/jest-watcher
1382 silly ADD node_modules/jest-validate
1383 silly ADD node_modules/jest-validate/node_modules/camelcase
1384 silly ADD node_modules/jest-util
1385 silly ADD node_modules/jest-snapshot
1386 silly ADD node_modules/jest-runtime
1387 silly ADD node_modules/jest-runner
1388 silly ADD node_modules/jest-resolve-dependencies
1389 silly ADD node_modules/jest-resolve
1390 silly ADD node_modules/jest-regex-util
1391 silly ADD node_modules/jest-pnp-resolver
1392 silly ADD node_modules/jest-mock
1393 silly ADD node_modules/jest-message-util
1394 silly ADD node_modules/jest-matcher-utils
1395 silly ADD node_modules/jest-leak-detector
1396 silly ADD node_modules/jest-haste-map
1397 silly ADD node_modules/jest-get-type
1398 silly ADD node_modules/jest-environment-node
1399 silly ADD node_modules/jest-each
1400 silly ADD node_modules/jest-docblock
1401 silly ADD node_modules/jest-diff
1402 silly ADD node_modules/jest-config
1403 silly ADD node_modules/jest-cli
1404 silly ADD node_modules/jest-circus
1405 silly ADD node_modules/jest-changed-files
1406 silly ADD node_modules/jest
1407 silly ADD node_modules/istanbul-reports
1408 silly ADD node_modules/istanbul-lib-source-maps
1409 silly ADD node_modules/istanbul-lib-source-maps/node_modules/ms
1410 silly ADD node_modules/istanbul-lib-source-maps/node_modules/debug
1411 silly ADD node_modules/istanbul-lib-report
1412 silly ADD node_modules/istanbul-lib-report/node_modules/supports-color
1413 silly ADD node_modules/istanbul-lib-report/node_modules/has-flag
1414 silly ADD node_modules/istanbul-lib-instrument
1415 silly ADD node_modules/istanbul-lib-coverage
1416 silly ADD node_modules/isexe
1417 silly ADD node_modules/is-stream
1418 silly ADD node_modules/is-number
1419 silly ADD node_modules/is-glob
1420 silly ADD node_modules/is-generator-fn
1421 silly ADD node_modules/is-fullwidth-code-point
1422 silly ADD node_modules/is-extglob
1423 silly ADD node_modules/is-core-module
1424 silly ADD node_modules/is-binary-path
1425 silly ADD node_modules/is-arrayish
1426 silly ADD node_modules/ipaddr.js
1427 silly ADD node_modules/inherits
1428 silly ADD node_modules/inflight
1429 silly ADD node_modules/imurmurhash
1430 silly ADD node_modules/import-local
1431 silly ADD node_modules/ignore-by-default
1432 silly ADD node_modules/iconv-lite
1433 silly ADD node_modules/human-signals
1434 silly ADD node_modules/https-proxy-agent
1435 silly ADD node_modules/https-proxy-agent/node_modules/ms
1436 silly ADD node_modules/https-proxy-agent/node_modules/debug
1437 silly ADD node_modules/http-errors
1438 silly ADD node_modules/html-escaper
1439 silly ADD node_modules/hasown
1440 silly ADD node_modules/has-tostringtag
1441 silly ADD node_modules/has-symbols
1442 silly ADD node_modules/has-flag
1443 silly ADD node_modules/handlebars
1444 silly ADD node_modules/graceful-fs
1445 silly ADD node_modules/gopd
1446 silly ADD node_modules/glob-parent
1447 silly ADD node_modules/glob
1448 silly ADD node_modules/get-stream
1449 silly ADD node_modules/get-proto
1450 silly ADD node_modules/get-package-type
1451 silly ADD node_modules/get-intrinsic
1452 silly ADD node_modules/get-caller-file
1453 silly ADD node_modules/gensync
1454 silly ADD node_modules/function-bind
1455 silly ADD
1456 silly ADD node_modules/fs.realpath
1457 silly ADD node_modules/fresh
1458 silly ADD node_modules/forwarded
1459 silly ADD node_modules/formidable
1460 silly ADD node_modules/form-data
1461 silly ADD node_modules/follow-redirects
1462 silly ADD node_modules/find-up
1463 silly ADD node_modules/find-cache-dir
1464 silly ADD node_modules/find-cache-dir/node_modules/semver
1465 silly ADD node_modules/find-cache-dir/node_modules/make-dir
1466 silly ADD node_modules/finalhandler
1467 silly ADD node_modules/fill-range
1468 silly ADD node_modules/fb-watchman
1469 silly ADD node_modules/fast-safe-stringify
1470 silly ADD node_modules/fast-json-stable-stringify
1471 silly ADD node_modules/fast-fifo
1472 silly ADD node_modules/express-validator
1473 silly ADD node_modules/express
1474 silly ADD node_modules/expect
1475 silly ADD node_modules/exit
1476 silly ADD node_modules/execa
1477 silly ADD node_modules/events-universal
1478 silly ADD node_modules/etag
1479 silly ADD node_modules/esutils
1480 silly ADD node_modules/esprima
1481 silly ADD node_modules/escape-string-regexp
1482 silly ADD node_modules/escape-html
1483 silly ADD node_modules/escalade
1484 silly ADD node_modules/es-set-tostringtag
1485 silly ADD node_modules/es-object-atoms
1486 silly ADD node_modules/es-errors
1487 silly ADD node_modules/es-define-property
1488 silly ADD node_modules/error-ex
1489 silly ADD node_modules/encodeurl
1490 silly ADD node_modules/emoji-regex
1491 silly ADD node_modules/emittery
1492 silly ADD node_modules/electron-to-chromium
1493 silly ADD node_modules/ee-first
1494 silly ADD node_modules/ecdsa-sig-formatter
1495 silly ADD node_modules/dunder-proto
1496 silly ADD node_modules/dotenv
1497 silly ADD node_modules/doctrine
1498 silly ADD node_modules/diff-sequences
1499 silly ADD node_modules/diff
1500 silly ADD node_modules/dezalgo
1501 silly ADD node_modules/detect-newline
1502 silly ADD node_modules/destroy
1503 silly ADD node_modules/depd
1504 silly ADD node_modules/delayed-stream
1505 silly ADD node_modules/deepmerge
1506 silly ADD node_modules/dedent
1507 silly ADD node_modules/debug
1508 silly ADD node_modules/cross-spawn
1509 silly ADD node_modules/create-require
1510 silly ADD node_modules/create-jest
1511 silly ADD node_modules/cors
1512 silly ADD node_modules/cookiejar
1513 silly ADD node_modules/cookie-signature
1514 silly ADD node_modules/cookie
1515 silly ADD node_modules/convert-source-map
1516 silly ADD node_modules/content-type
1517 silly ADD node_modules/content-disposition
1518 silly ADD node_modules/concat-map
1519 silly ADD node_modules/component-emitter
1520 silly ADD node_modules/commondir
1521 silly ADD node_modules/commander
1522 silly ADD node_modules/combined-stream
1523 silly ADD node_modules/color-name
1524 silly ADD node_modules/color-convert
1525 silly ADD node_modules/collect-v8-coverage
1526 silly ADD node_modules/co
1527 silly ADD node_modules/cliui
1528 silly ADD node_modules/cjs-module-lexer
1529 silly ADD node_modules/ci-info
1530 silly ADD node_modules/chokidar
1531 silly ADD node_modules/char-regex
1532 silly ADD node_modules/chalk
1533 silly ADD node_modules/chalk/node_modules/supports-color
1534 silly ADD node_modules/chalk/node_modules/has-flag
1535 silly ADD node_modules/caniuse-lite
1536 silly ADD node_modules/camelcase
1537 silly ADD node_modules/callsites
1538 silly ADD node_modules/call-me-maybe
1539 silly ADD node_modules/call-bound
1540 silly ADD node_modules/call-bind-apply-helpers
1541 silly ADD node_modules/bytes
1542 silly ADD node_modules/buffer-from
1543 silly ADD node_modules/buffer-equal-constant-time
1544 silly ADD node_modules/bson
1545 silly ADD node_modules/bser
1546 silly ADD node_modules/bs-logger
1547 silly ADD node_modules/browserslist
1548 silly ADD node_modules/braces
1549 silly ADD node_modules/brace-expansion
1550 silly ADD node_modules/body-parser
1551 silly ADD node_modules/binary-extensions
1552 silly ADD node_modules/bcryptjs
1553 silly ADD node_modules/baseline-browser-mapping
1554 silly ADD node_modules/bare-url
1555 silly ADD node_modules/bare-stream
1556 silly ADD node_modules/bare-path
1557 silly ADD node_modules/bare-fs
1558 silly ADD node_modules/bare-events
1559 silly ADD node_modules/balanced-match
1560 silly ADD node_modules/babel-preset-jest
1561 silly ADD node_modules/babel-preset-current-node-syntax
1562 silly ADD node_modules/babel-plugin-jest-hoist
1563 silly ADD node_modules/babel-plugin-istanbul
1564 silly ADD node_modules/babel-plugin-istanbul/node_modules/semver
1565 silly ADD node_modules/babel-plugin-istanbul/node_modules/istanbul-lib-instrument
1566 silly ADD node_modules/babel-jest
1567 silly ADD node_modules/b4a
1568 silly ADD node_modules/asynckit
1569 silly ADD node_modules/async-mutex
1570 silly ADD node_modules/asap
1571 silly ADD node_modules/array-flatten
1572 silly ADD node_modules/argparse
1573 silly ADD node_modules/arg
1574 silly ADD node_modules/anymatch
1575 silly ADD node_modules/ansi-styles
1576 silly ADD node_modules/ansi-regex
1577 silly ADD node_modules/ansi-escapes
1578 silly ADD node_modules/agent-base
1579 silly ADD node_modules/acorn-walk
1580 silly ADD node_modules/acorn
1581 silly ADD node_modules/accepts
1582 silly ADD node_modules/@types/yargs-parser
1583 silly ADD node_modules/@types/yargs
1584 silly ADD node_modules/@types/whatwg-url
1585 silly ADD node_modules/@types/webidl-conversions
1586 silly ADD node_modules/@types/swagger-ui-express
1587 silly ADD node_modules/@types/swagger-jsdoc
1588 silly ADD node_modules/@types/supertest
1589 silly ADD node_modules/@types/superagent
1590 silly ADD node_modules/@types/stack-utils
1591 silly ADD node_modules/@types/serve-static
1592 silly ADD node_modules/@types/serve-static/node_modules/@types/send
1593 silly ADD node_modules/@types/send
1594 silly ADD node_modules/@types/range-parser
1595 silly ADD node_modules/@types/qs
1596 silly ADD node_modules/@types/node
1597 silly ADD node_modules/@types/ms
1598 silly ADD node_modules/@types/mime
1599 silly ADD node_modules/@types/methods
1600 silly ADD node_modules/@types/jsonwebtoken
1601 silly ADD node_modules/@types/json-schema
1602 silly ADD node_modules/@types/jest
1603 silly ADD node_modules/@types/istanbul-reports
1604 silly ADD node_modules/@types/istanbul-lib-report
1605 silly ADD node_modules/@types/istanbul-lib-coverage
1606 silly ADD node_modules/@types/http-errors
1607 silly ADD node_modules/@types/graceful-fs
1608 silly ADD node_modules/@types/express-serve-static-core
1609 silly ADD node_modules/@types/express
1610 silly ADD node_modules/@types/cors
1611 silly ADD node_modules/@types/cookiejar
1612 silly ADD node_modules/@types/connect
1613 silly ADD node_modules/@types/body-parser
1614 silly ADD node_modules/@types/bcryptjs
1615 silly ADD node_modules/@types/babel__traverse
1616 silly ADD node_modules/@types/babel__template
1617 silly ADD node_modules/@types/babel__generator
1618 silly ADD node_modules/@types/babel__core
1619 silly ADD node_modules/@tsconfig/node16
1620 silly ADD node_modules/@tsconfig/node14
1621 silly ADD node_modules/@tsconfig/node12
1622 silly ADD node_modules/@tsconfig/node10
1623 silly ADD node_modules/@sinonjs/fake-timers
1624 silly ADD node_modules/@sinonjs/commons
1625 silly ADD node_modules/@sinclair/typebox
1626 silly ADD node_modules/@scarf/scarf
1627 silly ADD node_modules/@paralleldrive/cuid2
1628 silly ADD node_modules/@noble/hashes
1629 silly ADD node_modules/@mongodb-js/saslprep
1630 silly ADD node_modules/@jsdevtools/ono
1631 silly ADD node_modules/@jridgewell/trace-mapping
1632 silly ADD node_modules/@jridgewell/sourcemap-codec
1633 silly ADD node_modules/@jridgewell/resolve-uri
1634 silly ADD node_modules/@jridgewell/remapping
1635 silly ADD node_modules/@jridgewell/remapping/node_modules/@jridgewell/trace-mapping
1636 silly ADD node_modules/@jridgewell/gen-mapping
1637 silly ADD node_modules/@jridgewell/gen-mapping/node_modules/@jridgewell/trace-mapping
1638 silly ADD node_modules/@jest/types
1639 silly ADD node_modules/@jest/transform
1640 silly ADD node_modules/@jest/transform/node_modules/@jridgewell/trace-mapping
1641 silly ADD node_modules/@jest/test-sequencer
1642 silly ADD node_modules/@jest/test-result
1643 silly ADD node_modules/@jest/source-map
1644 silly ADD node_modules/@jest/source-map/node_modules/@jridgewell/trace-mapping
1645 silly ADD node_modules/@jest/schemas
1646 silly ADD node_modules/@jest/reporters
1647 silly ADD node_modules/@jest/reporters/node_modules/@jridgewell/trace-mapping
1648 silly ADD node_modules/@jest/globals
1649 silly ADD node_modules/@jest/fake-timers
1650 silly ADD node_modules/@jest/expect-utils
1651 silly ADD node_modules/@jest/expect
1652 silly ADD node_modules/@jest/environment
1653 silly ADD node_modules/@jest/core
1654 silly ADD node_modules/@jest/console
1655 silly ADD node_modules/@istanbuljs/schema
1656 silly ADD node_modules/@istanbuljs/load-nyc-config
1657 silly ADD node_modules/@istanbuljs/load-nyc-config/node_modules/js-yaml
1658 silly ADD node_modules/@istanbuljs/load-nyc-config/node_modules/argparse
1659 silly ADD node_modules/@cspotcode/source-map-support
1660 silly ADD node_modules/@bcoe/v8-coverage
1661 silly ADD node_modules/@babel/types
1662 silly ADD node_modules/@babel/traverse
1663 silly ADD node_modules/@babel/traverse/node_modules/ms
1664 silly ADD node_modules/@babel/traverse/node_modules/debug
1665 silly ADD node_modules/@babel/template
1666 silly ADD node_modules/@babel/plugin-syntax-typescript
1667 silly ADD node_modules/@babel/plugin-syntax-top-level-await
1668 silly ADD node_modules/@babel/plugin-syntax-private-property-in-object
1669 silly ADD node_modules/@babel/plugin-syntax-optional-chaining
1670 silly ADD node_modules/@babel/plugin-syntax-optional-catch-binding
1671 silly ADD node_modules/@babel/plugin-syntax-object-rest-spread
1672 silly ADD node_modules/@babel/plugin-syntax-numeric-separator
1673 silly ADD node_modules/@babel/plugin-syntax-nullish-coalescing-operator
1674 silly ADD node_modules/@babel/plugin-syntax-logical-assignment-operators
1675 silly ADD node_modules/@babel/plugin-syntax-jsx
1676 silly ADD node_modules/@babel/plugin-syntax-json-strings
1677 silly ADD node_modules/@babel/plugin-syntax-import-meta
1678 silly ADD node_modules/@babel/plugin-syntax-import-attributes
1679 silly ADD node_modules/@babel/plugin-syntax-class-static-block
1680 silly ADD node_modules/@babel/plugin-syntax-class-properties
1681 silly ADD node_modules/@babel/plugin-syntax-bigint
1682 silly ADD node_modules/@babel/plugin-syntax-async-generators
1683 silly ADD node_modules/@babel/parser
1684 silly ADD node_modules/@babel/helpers
1685 silly ADD node_modules/@babel/helper-validator-option
1686 silly ADD node_modules/@babel/helper-validator-identifier
1687 silly ADD node_modules/@babel/helper-string-parser
1688 silly ADD node_modules/@babel/helper-plugin-utils
1689 silly ADD node_modules/@babel/helper-module-transforms
1690 silly ADD node_modules/@babel/helper-module-imports
1691 silly ADD node_modules/@babel/helper-globals
1692 silly ADD node_modules/@babel/helper-compilation-targets
1693 silly ADD node_modules/@babel/helper-compilation-targets/node_modules/semver
1694 silly ADD node_modules/@babel/generator
1695 silly ADD node_modules/@babel/generator/node_modules/@jridgewell/trace-mapping
1696 silly ADD node_modules/@babel/core
1697 silly ADD node_modules/@babel/core/node_modules/semver
1698 silly ADD node_modules/@babel/core/node_modules/ms
1699 silly ADD node_modules/@babel/core/node_modules/debug
1700 silly ADD node_modules/@babel/compat-data
1701 silly ADD node_modules/@babel/code-frame
1702 silly ADD node_modules/@apidevtools/swagger-parser
1703 silly ADD node_modules/@apidevtools/swagger-methods
1704 silly ADD node_modules/@apidevtools/openapi-schemas
1705 silly ADD node_modules/@apidevtools/json-schema-ref-parser
1706 verbose cwd /workspace/api
1707 verbose os Linux 6.12.54-linuxkit
1708 verbose node v20.20.2
1709 verbose npm  v10.8.2
1710 verbose exit 0
1711 info ok
